datetime,timestamp,Spherical_Joint_Base_Trans_0,Spherical_Joint_Base_Trans_1,Spherical_Joint_Base_Trans_2,Spherical_Joint_Base_Ori_0,Spherical_Joint_Base_Ori_1,Spherical_Joint_Base_Ori_2,Spherical_Joint_Base_Ori_3,Spherical_Joint_Top_Trans_0,Spherical_Joint_Top_Trans_1,Spherical_Joint_Top_Trans_2,Spherical_Joint_Top_Ori_0,Spherical_Joint_Top_Ori_1,Spherical_Joint_Top_Ori_2,Spherical_Joint_Top_Ori_3
2023-10-24 10:40:02.899595,1698136802.899595,152.84898343003624,329.59064541969576,41.28210641787641,0.028427372592107678,-0.031906394376498115,0.9419572421267076,-0.3330021328617104,150.25624969089728,342.65104629871433,119.9901989868853,0.044242509851696685,-0.024618369835873944,0.9385376493453244,0.3414434315519916
2023-10-24 10:40:02.999618,1698136802.999618,152.84949162983318,329.58585971583767,41.28447508041489,0.028368107788076514,-0.031846563545851345,0.9419613169825587,-0.3330013876237271,150.25329091741096,342.65223202984566,119.99410001759958,0.04419221582850069,-0.024490881451455795,0.9385375438700109,0.34145940246586465
2023-10-24 10:40:03.099642,1698136803.099642,152.85028550190665,329.59259732646973,41.294987098306066,0.028505237662548113,-0.0318988296477398,0.9419729639027435,-0.33295172528339156,150.24685052338157,342.6447958093666,120.00028534395636,0.044843333956232065,-0.02429005281913373,0.9386294436253422,0.3411360964385242
2023-10-24 10:40:03.199666,1698136803.199666,152.85141576536176,329.5991371332946,41.29893154149289,0.028458792919256383,-0.031897835788794245,0.9419532816542794,-0.33301147181186397,150.26599515649036,342.64772813822907,119.99225375987002,0.04612487597494835,-0.023537266561741363,0.9385769291151864,0.3411624847954469
2023-10-24 10:40:03.299689,1698136803.299689,152.85414776574305,329.5982299764448,41.28071143228884,0.028553808699673514,-0.03197383642444014,0.9419661450784843,-0.33295966019778667,150.26263433517855,342.6490720451092,119.98456120275331,0.044211621890323134,-0.02456466093373892,0.9386026170222042,0.3412726728616095
2023-10-24 10:40:03.399713,1698136803.399713,152.84618544985724,329.5960780395314,41.308146350509716,0.02844263155446213,-0.03188792572399953,0.9419740041293995,-0.3329551808392596,150.24750127564744,342.6534909207816,120.01706082930123,0.04495848746339798,-0.024141660487726705,0.9386785748060166,0.3409962578006456
2023-10-24 10:40:03.869450,1698136803.86945,152.84441679128915,329.60437119367754,41.28972976899282,0.028566314926529144,-0.03205153621537815,0.9419698856299012,-0.3329405340960206,150.31590525981883,342.8103793420076,119.96628717636085,0.046056475836417574,-0.022312500751214763,0.9387314866199515,0.34082862170312556
2023-10-24 10:40:03.969473,1698136803.969473,152.83857327560526,329.60684605769035,41.28901528570017,0.028547891996031617,-0.03209116948752984,0.9419764325107203,-0.3329197730653469,150.3147387787488,342.8114740821269,119.96737517906094,0.04610459812704706,-0.022387760682989366,0.93872381108951,0.3408383204640154
2023-10-24 10:40:04.069497,1698136804.069497,152.83787347197512,329.6005073150387,41.2733448875306,0.028597191826091082,-0.03208398405150683,0.9419837155092724,-0.3328956267396596,150.31926766878308,342.8007059291567,119.94708820047104,0.045690049401136926,-0.02261582381456085,0.9388084104785275,0.3406460220136018
2023-10-24 10:40:04.169520,1698136804.16952,152.84277621546994,329.60557902378855,41.30002617357541,0.028543963668196285,-0.03211998531317794,0.9419897223996447,-0.3328797253889612,150.32139520864033,342.80219971969797,119.97751873033972,0.04584855361874292,-0.0224131722969385,0.9387653656025446,0.34075672874321616
2023-10-24 10:40:04.269544,1698136804.269544,152.85612227553156,329.5898499597205,41.25741280318013,0.028454193995239137,-0.03201742078877411,0.9419697740495359,-0.33295373310293763,150.32713243771238,342.7967571870906,119.94568995415027,0.045705897584144214,-0.022379178257781157,0.9388275327133514,0.34060682190158104
2023-10-24 10:40:04.369567,1698136804.369567,152.84027755681285,329.5990648334889,41.28356083424923,0.028546570458654167,-0.03218382134835346,0.9419702677863324,-0.33292838503950334,150.3242934657301,342.8029646745731,119.9540661322558,0.045401918413349514,-0.022602257585256316,0.9387097149080386,0.34095729189109064
2023-10-24 10:40:04.469591,1698136804.469591,152.84817356018488,329.59467633625997,41.27383325340991,0.02853940641564994,-0.03206397794900946,0.941972770548008,-0.332933481562966,150.31869465374058,342.80272229853705,119.94932965528744,0.04588591722137664,-0.0223499916022272,0.9387771396986799,0.34072341048906296
2023-10-24 10:40:04.569615,1698136804.569615,152.84459204575762,329.59580960030684,41.279119912242315,0.028406173764433062,-0.03204912981612187,0.9419629831570013,-0.3329739943780251,150.31043539377708,342.80749209919895,119.96954779901043,0.04615934755832978,-0.02241851109552732,0.9387407903469285,0.3407821203233423
2023-10-24 10:40:04.669638,1698136804.669638,152.855143856425,329.5836491752708,41.27745264698269,0.028366802836405903,-0.031698105659322906,0.9419744691629982,-0.33297845882209665,150.32306905223157,342.8026291264644,119.9540048000909,0.045901404685160324,-0.022285753642868656,0.938724689429395,0.34087000995714567
2023-10-24 10:40:04.769661,1698136804.769661,152.8450599857751,329.59617858008244,41.29304578313868,0.02845053227893513,-0.03192755100456156,0.9419734606910672,-0.33295224590561157,150.31885704931904,342.8089085948036,119.97838001998043,0.04627967547747722,-0.022392545654655524,0.9387301938377356,0.34079669704117
2023-10-24 10:40:04.869685,1698136804.869685,152.85126617606142,329.59358288293726,41.289088466354926,0.0284914324848946,-0.03196396659917712,0.9419744360721375,-0.3329424948858047,150.32023227482532,342.8042923916164,119.96310522036613,0.04590871582342008,-0.022286617760021808,0.9387376393345015,0.34083330379666643
2023-10-24 10:40:04.969709,1698136804.969709,152.84367994001738,329.5972172815179,41.27853673715792,0.028460199085898776,-0.03206169458642626,0.9419680304580844,-0.332953892308162,150.32145195730305,342.80003381467816,119.96172935069194,0.045831436525651116,-0.022471423461670678,0.9387302734451312,0.34085185678125757
2023-10-24 10:40:05.069732,1698136805.069732,152.84601168063784,329.60310645182994,41.28676238001956,0.02853188628135395,-0.03207397975410363,0.9419763295016218,-0.3329230931410637,150.32086335427115,342.8125767533534,119.9652951847564,0.04581792202512281,-0.022765123614799033,0.9386872679930875,0.3409526067883572
2023-10-24 10:40:05.169756,1698136805.169756,152.847660068871,329.5998998894977,41.26416417777203,0.0284927106378049,-0.03212249881035573,0.941967477305715,-0.3329468158865562,150.3204642232258,342.8045152561105,119.95167550450334,0.0460274881080285,-0.022471474226662846,0.9387709037377517,0.34071350645366366
2023-10-24 10:40:05.269779,1698136805.269779,152.8427765012039,329.5970419927369,41.27491024093603,0.02846300541302435,-0.032123362499176404,0.9419711788025075,-0.3329388009980502,150.3148321895216,342.8053779630009,119.96565436261173,0.045878096306150376,-0.022443976186065563,0.9387105286837616,0.340901762316559
2023-10-24 10:40:05.369803,1698136805.369803,152.85291488305492,329.59844497389156,41.28830403134013,0.028536099573754466,-0.0320337570166289,0.9419664198222748,-0.33295464159510146,150.32617275896138,342.8099209882284,119.9650367581964,0.04616238251133599,-0.02255387735325584,0.9387969486045916,0.34061803585235967
2023-10-24 10:40:05.469826,1698136805.469826,152.8443630362313,329.60367808291153,41.29467148642635,0.028465698631789313,-0.03210459116449697,0.9419676228506616,-0.33295044185079303,150.31665865610384,342.80727410141753,119.97928684333931,0.045972757746248344,-0.022628722589683688,0.9387053493806442,0.3408910581158248
2023-10-24 10:40:05.569850,1698136805.56985,152.85046361162816,329.59526854435677,41.28121559535739,0.02852468065215189,-0.03192179364073511,0.9419779602857338,-0.332933723164806,150.32309756068386,342.80036335742756,119.95116990859374,0.045819759688080254,-0.022793111798197704,0.9387591465573929,0.3407525325386694
2023-10-24 10:40:05.669873,1698136805.669873,152.8525726210087,329.5930241641706,41.28587290340444,0.028350799787273367,-0.03186296372945453,0.9419668963663719,-0.33298550996057197,150.31834563190282,342.8002582714241,119.96876022415799,0.046070050993433795,-0.02231265019237611,0.9387380579053074,0.3408086775348113
2023-10-24 10:40:05.769897,1698136805.769897,152.85474689288196,329.5965128837186,41.27564113362485,0.028494510020817616,-0.03196472056667452,0.9419718380018518,-0.3329495096094617,150.32221982532053,342.795512984367,119.94869683342672,0.04571346679763803,-0.02244367551384222,0.9388179878752623,0.3406278702992674
2023-10-24 10:40:05.869920,1698136805.86992,152.8521778195768,329.60212424876113,41.28099495063694,0.02857476006523944,-0.03220241758339965,0.9419730360263265,-0.33291633601904147,150.35131686188734,342.8091713474552,119.93416848792069,0.04536673160912652,-0.02104746723498279,0.9385805662757791,0.34141673127650846
2023-10-24 10:40:05.969944,1698136805.969944,152.84664638851925,329.59877480371887,41.29721413570803,0.028491946170038536,-0.03197238772277616,0.9419792140177482,-0.33292812405270517,150.3265745108857,342.8089343824728,119.96642576187661,0.045928801497031484,-0.022573361504592958,0.9387397185355798,0.3408059996349386
2023-10-24 10:40:06.069967,1698136806.069967,152.8286570577595,329.59581471157196,41.287008943875826,0.02846972636877251,-0.03201833673061513,0.9419646980230063,-0.3329666777200366,150.30818032697408,342.80156419507574,119.94736178773397,0.04527293702328298,-0.022267005016755777,0.9387374303680122,0.3409201937212449
2023-10-24 10:40:06.169991,1698136806.169991,152.82058008341622,329.59526801415024,41.28802398017768,0.028485470020679055,-0.03212216418818095,0.941978778912795,-0.33291549174456914,150.29379380171008,342.80683481119684,119.97328887333485,0.046184473003633784,-0.02238087650273211,0.9387195583481275,0.3408396713926398
2023-10-24 10:40:06.270014,1698136806.270014,152.84354224930289,329.5921085885936,41.26421655989256,0.02847653687471789,-0.032038351101149075,0.9419781773840507,-0.33292603418562006,150.3103838567238,342.79679811717045,119.9474624521819,0.04564519678018316,-0.02243665901473546,0.9388035877395821,0.3406771726876398
2023-10-24 10:40:06.370038,1698136806.370038,152.84809242663718,329.59508715507735,41.269878599269745,0.0284896249431638,-0.03199920171829995,0.9419671882427572,-0.3329597702936851,150.3158754313843,342.79318252118003,119.95280063645686,0.04566366119773257,-0.022573452297588684,0.9388024102743232,0.34066890635998553
2023-10-24 10:40:06.470061,1698136806.470061,152.85736880187184,329.600720446222,41.280038999205445,0.028512805359566407,-0.03210324528196155,0.941976455472484,-0.33292155068182244,150.3317656050225,342.7980763488569,119.95988812493202,0.04583668137657434,-0.022240565769070943,0.9387055998791494,0.3409342350515425
2023-10-24 10:40:06.570085,1698136806.570085,152.8388420070912,329.6059688298047,41.30908089161123,0.02853734577082691,-0.03208576496523885,0.9419875919166383,-0.33288962173375847,150.31572763790942,342.81497135830756,119.98993131635643,0.0459624277542812,-0.022513223834532702,0.9387073288371663,0.34089464761844096
2023-10-24 10:40:06.670108,1698136806.670108,152.84814605881402,329.6020449375031,41.26422382664089,0.028467524284883867,-0.032108710458372006,0.9419630826043958,-0.3329627333264404,150.3168534529974,342.79887786366214,119.9483858635784,0.0458025477148375,-0.02225426363583557,0.9387483284417856,0.34082026087163636
2023-10-24 10:40:06.770132,1698136806.770132,152.8419841101479,329.60496904139654,41.281908375223566,0.028477268146694577,-0.032099774032157906,0.9419763308804258,-0.33292527955539275,150.3170315859143,342.80650419658264,119.95806309629315,0.04580770534407652,-0.022355273392244746,0.93873801185178,0.3408413721766122
2023-10-24 10:40:06.870156,1698136806.870156,152.85836976569385,329.59557095603475,41.28300374266127,0.028492433763594654,-0.03206473966083299,0.9419717238156512,-0.3329403928941046,150.32951282747325,342.800640486698,119.96145135010201,0.045920730790340064,-0.022414796976298015,0.9386827505085311,0.3409744231726645
2023-10-24 10:40:06.970179,1698136806.970179,152.84787448794444,329.59675288082536,41.278640773902644,0.02849596136999059,-0.032055731286740476,0.9419717693943707,-0.33294082948973236,150.31948096732788,342.8019833061904,119.95944154784982,0.04594895437168962,-0.02263435138352733,0.9387398240037091,0.3407989474148661
2023-10-24 10:40:07.070203,1698136807.070203,152.84168809183095,329.59486707478004,41.27196091037196,0.028481628453454623,-0.03202408138572922,0.9419706170682663,-0.33294836181015963,150.31637039962004,342.7991112133592,119.94645811938234,0.045964168952144335,-0.022359872672595288,0.9386864586596063,0.3409619679607849
2023-10-24 10:40:07.170226,1698136807.170226,152.85070169502734,329.6015643046793,41.265513042771666,0.028476214451660094,-0.032041902625048684,0.9419786505778259,-0.33292438111716643,150.31777684493815,342.7952903964595,119.94649088186357,0.045937750994808124,-0.02233543885038264,0.9387067990569598,0.3409111271418645
2023-10-24 10:40:07.270250,1698136807.27025,152.83863906154826,329.5952064465685,41.27281617238754,0.02846606352202524,-0.031957169471492165,0.9419756229005483,-0.3329419595185544,150.3102888362345,342.794109236037,119.947424335572,0.04584170488149868,-0.0224083856480492,0.9387364705017763,0.3408375585173583
2023-10-24 10:40:07.370273,1698136807.370273,152.85342105119966,329.6029604596927,41.270928164279425,0.028482611636798084,-0.03220652231339065,0.9419598593754955,-0.33296111496708014,150.32167055444472,342.79719264535163,119.95689239714255,0.046139369590793025,-0.022573152178095586,0.9387552441445871,0.34073479858321676
2023-10-24 10:40:07.470297,1698136807.470297,152.84558792110977,329.60502891203515,41.29473171513386,0.028586694200939042,-0.032203893570021694,0.9419627520039744,-0.3329442655921435,150.31931407486792,342.7939296672934,119.9657549273221,0.04584227278392292,-0.0224079717450637,0.938810621650835,0.3406332125671976
2023-10-24 10:40:07.570320,1698136807.57032,152.85204708085075,329.59316231453175,41.27777185620296,0.028472279023017317,-0.03193337165669897,0.9419733536771716,-0.3329501314972753,150.31797376238825,342.8006805372385,119.95481755646871,0.04603525972452252,-0.022385810128075688,0.9387034942505699,0.3409037697778889
2023-10-24 10:40:07.670344,1698136807.670344,152.8428122973343,329.6056529494284,41.29242955278253,0.028567189785309782,-0.03213352128591198,0.9419708382711363,-0.33292986096820887,150.3165366692056,342.7974161576694,119.96916277621533,0.04589744368714821,-0.022384545556677002,0.9387198028171222,0.340877527247235
2023-10-24 10:40:07.770367,1698136807.770367,152.85152114903184,329.5982823540335,41.27850720163333,0.028531575069190667,-0.03196393118991923,0.9419772411875118,-0.3329311241258789,150.3171361827938,342.79847704779445,119.9519613032587,0.04569531184097561,-0.02221218212512625,0.938749763983113,0.34083344622065154
2023-10-24 10:40:07.870391,1698136807.870391,152.84754383044537,329.6002306660365,41.28389562662733,0.02852826609210713,-0.03207253286963129,0.9419749497683643,-0.33292744656755485,150.3207644137089,342.79380101385493,119.95825221468304,0.04593183687170882,-0.022495594814115973,0.9387687538883805,0.3407307460421015
2023-10-24 10:40:07.970414,1698136807.970414,152.84313702073018,329.59935430867256,41.276562385858014,0.028514150426901832,-0.03200314308569587,0.9419813742769271,-0.33291715572109,150.30874522575175,342.79103347849997,119.9600155280816,0.0462619482722625,-0.022539116844103653,0.9387573554453932,0.3407146136447839
2023-10-24 10:40:08.070438,1698136808.070438,152.84723512561123,329.6041156109206,41.29574597229447,0.028538112398480003,-0.03222352654768227,0.9419709935589935,-0.3329232160289296,150.32591034567696,342.80426639481254,119.97245794676624,0.046001632841538846,-0.022690267858875783,0.9386993675413208,0.3408995437044899
2023-10-24 10:40:08.170461,1698136808.170461,152.84280080172118,329.59812088366675,41.26117641022255,0.028519260937730592,-0.031978117558866884,0.9419720878377662,-0.3329453971562253,150.3112827638633,342.7965012549476,119.93725472964888,0.04590701081787596,-0.022506456476751445,0.938783876241341,0.3406917073894084
2023-10-24 10:40:08.270485,1698136808.270485,152.84297757069444,329.5973212493128,41.2742625968744,0.02852654489552998,-0.03200917828231098,0.9419756537318893,-0.3329316994796294,150.312247576195,342.7942175270073,119.94376571709572,0.04574983867261626,-0.022604319826636566,0.9388004197629543,0.3406607826555703
2023-10-24 10:40:08.370508,1698136808.370508,152.85088397286492,329.60596491225215,41.2802725314317,0.02850914505567834,-0.03223564883773424,0.9419612084809396,-0.33295220874673964,150.31981842818038,342.80399258580866,119.96622345192915,0.04578712644835256,-0.022623268616097397,0.9387537903257284,0.3407829924127744
2023-10-24 10:40:08.470532,1698136808.470532,152.84681164531906,329.5935659646766,41.268129752032095,0.028532661578574266,-0.0320641469915652,0.941971480429398,-0.3329376935082512,150.31981231571248,342.79476176559166,119.94663048589811,0.045783390096361815,-0.022631926637120384,0.9387701141102314,0.3407379490773511
2023-10-24 10:40:08.570555,1698136808.570555,152.84399952274055,329.60818222778437,41.29078059253445,0.028546899088228377,-0.03215469312476387,0.9419752575174394,-0.33291705346445155,150.31261502030875,342.7961124347759,119.97576127566833,0.04587464857403444,-0.022427443106432726,0.9387661669619157,0.3407500699655822
2023-10-24 10:40:08.670579,1698136808.670579,152.85543847503735,329.6040968429162,41.263295754416404,0.02860948699530556,-0.03224738669415645,0.9419655499804506,-0.3329301818028675,150.33335459433926,342.79706126098375,119.93396913268984,0.04534175186888675,-0.022582684672428088,0.9387129755443865,0.3409576182387628
2023-10-24 10:40:08.770603,1698136808.770603,152.83864840055918,329.6055785076986,41.293881209155906,0.02854921780599055,-0.032122028380325324,0.9419700854620122,-0.33293464155910424,150.31774246042448,342.79909112142974,119.9578754561565,0.045278359376789895,-0.022455916906640866,0.9386858173189587,0.34104917289485825
2023-10-24 10:40:08.870626,1698136808.870626,152.84900903767817,329.60286185271883,41.28465597484551,0.028631700752249026,-0.03208514008885221,0.9419905378104311,-0.33287324340224056,150.33800861248795,342.79660147972874,119.93916174790238,0.04538424993130377,-0.022494954884747797,0.9386765437562029,0.3410580494062786
2023-10-24 10:40:08.970650,1698136808.97065,152.8475723777314,329.59888730383994,41.28394629921044,0.028482492220510993,-0.032069129647517194,0.9419634221456533,-0.3329643072466013,150.31014884684117,342.79238857456863,119.96664229999915,0.0460149582256212,-0.022399286240014898,0.9387427232459405,0.34079758676995897
2023-10-24 10:40:09.070673,1698136809.070673,152.84476683114394,329.6046515064825,41.27782250223632,0.028565949225491685,-0.03210387679855751,0.9419680666271983,-0.3329406690297353,150.32364724057643,342.7950546516559,119.94154064976682,0.045239022411568165,-0.022688257190993908,0.9386579136070962,0.34111580886797704
2023-10-24 10:40:09.170697,1698136809.170697,152.84235922895022,329.6015049364917,41.283084442274934,0.028565521695083508,-0.03204583518454359,0.9419764324782959,-0.332922627757675,150.330677388408,342.8015563295644,119.94178371008877,0.04534399446580002,-0.02245596583601445,0.9386966355046172,0.3410106717634642
2023-10-24 10:40:09.270720,1698136809.27072,152.84534394177192,329.60136222804294,41.27705518260697,0.02850310539075938,-0.03204527537606575,0.9419693038555823,-0.33294820002965186,150.30867208205805,342.7952581550649,119.95599878415976,0.04600746974663228,-0.022724733429849698,0.9388127220678829,0.3405841630222215
2023-10-24 10:40:09.370744,1698136809.370744,152.84880235927207,329.59154594648805,41.259396827106215,0.028444846805506404,-0.03198037028388153,0.9419736148608974,-0.3329472263176417,150.3130784402304,342.7905148700763,119.94305210552803,0.045820271409154956,-0.022598478187176578,0.9387693846496193,0.3407372212661689
2023-10-24 10:40:09.470767,1698136809.470767,152.84565950288362,329.6094778154438,41.288786699591256,0.028580877129683747,-0.032247412625081476,0.9419728090530286,-0.33291209777692404,150.31396975515756,342.79884352138635,119.97283903673612,0.045954732558379806,-0.022350394078910835,0.9387192274038041,0.34087363427289336
2023-10-24 10:40:09.570791,1698136809.570791,152.85036497336404,329.60067469646555,41.27799765452852,0.02856187311863345,-0.03199696041328041,0.9419844425686699,-0.3329049772635704,150.3207589857857,342.8017726350792,119.9515945978606,0.0459620694135498,-0.022631288680303344,0.9387778478392519,0.34069262591696253
2023-10-24 10:40:09.670814,1698136809.670814,152.83839329881698,329.60757874126085,41.29042319850282,0.028570199641239885,-0.03210224148341316,0.9419822842685946,-0.33290023416681574,150.31074681785518,342.79786958689164,119.96246006963135,0.045864372726768736,-0.022587360215173862,0.938662899577608,0.3410252650896226
2023-10-24 10:40:09.770838,1698136809.770838,152.84806974734065,329.60280876184703,41.27082494170303,0.028623518643752423,-0.032053885340511595,0.9419863807490346,-0.332888721795081,150.31805050649223,342.7907721333773,119.93281238446848,0.045771523376526624,-0.02274362225188458,0.938820889918531,0.3405921783412436
2023-10-24 10:40:09.870861,1698136809.870861,152.8404950763685,329.60200324018007,41.27773251164205,0.028513847306621043,-0.03215516304432428,0.9419766591815683,-0.33291587459672045,150.31153796684828,342.7946092785249,119.96140532758434,0.04608484802441453,-0.022408259291541156,0.9387111200564663,0.3408745953872542
2023-10-24 10:40:09.970885,1698136809.970885,152.84808925633178,329.59577107139717,41.262074770685764,0.028423911039804208,-0.03205297179849343,0.9419735855686914,-0.33294211564617293,150.31765723873866,342.7916998074525,119.95695719927917,0.046054297204424735,-0.022636294799761106,0.9387710142113647,0.3406986685376253
2023-10-24 10:40:10.070908,1698136810.070908,152.8404547330391,329.5972037306211,41.274824603077995,0.028553387649884257,-0.03207865012989843,0.9419784188823797,-0.33291488795097635,150.32602226963152,342.794491388358,119.94277815494361,0.04532157902866718,-0.02265135614147132,0.9386762506136892,0.3410568384787604
2023-10-24 10:40:10.170932,1698136810.170932,152.84574181033418,329.6029356043913,41.28389707834497,0.028557263338953136,-0.0321034758932341,0.9419731868631414,-0.33292696613080125,150.31212048484963,342.7931981961772,119.96227023091879,0.04571681611865485,-0.022384141874730895,0.9387494223991641,0.3408202530099124
2023-10-24 10:40:10.270956,1698136810.270956,152.84645958329364,329.5984950890858,41.27195447984633,0.028564750903092587,-0.03199796407243472,0.9419818030486028,-0.33291210255316156,150.32167155742076,342.79459988820327,119.94481885405145,0.04577150117609499,-0.022565342401807277,0.9387457320840099,0.3408111287743289
2023-10-24 10:40:10.370979,1698136810.370979,152.8477791060513,329.6044647669426,41.286320975614345,0.028533173287096616,-0.032131797037033796,0.9419703124188663,-0.3329344322277932,150.3126428704641,342.7964759047216,119.97388529641132,0.0462458115416443,-0.022732382589150137,0.9387549947223313,0.34071046884495765
2023-10-24 10:40:10.471003,1698136810.471003,152.848363031071,329.59910973594464,41.26551435873981,0.02852448371361205,-0.032168218140591134,0.9419716723804161,-0.3329278120003994,150.31801365697288,342.79352240635683,119.95062464855704,0.04570154166081126,-0.022577042644069602,0.9388494890647516,0.3405338208139214
2023-10-24 10:40:10.571026,1698136810.571026,152.83764362538074,329.6032894140744,41.27837579273684,0.028535845443182512,-0.032104617485534316,0.941980796212815,-0.3329071621747141,150.31080537869934,342.79615282917126,119.95500738979787,0.04575546430979317,-0.02253409297981601,0.9387554527299073,0.340788573912388
2023-10-24 10:40:10.671050,1698136810.67105,152.8484338310685,329.594522929036,41.27037117798537,0.028505705918713698,-0.03195817112368976,0.9419767969729554,-0.3329351498311289,150.31827719289012,342.79153449838304,119.94211961220304,0.045877455125769524,-0.022650295595915068,0.9387331188305105,0.3408259890785086
2023-10-24 10:40:10.771073,1698136810.771073,152.84431141840503,329.6022678123348,41.27723134235972,0.02854454390667895,-0.032154090433332505,0.9419672026068352,-0.3329401037643531,150.30915100743772,342.79718615464003,119.95609669417489,0.04589905764318539,-0.022436042264359402,0.9387526305931727,0.34078350762526305
2023-10-24 10:40:10.871097,1698136810.871097,152.84530724881213,329.6047533532571,41.26921342046914,0.028586732014196443,-0.03215239176956529,0.9419785935602787,-0.3329044183101872,150.31514287034145,342.79211286725774,119.94549997742945,0.04587885268676252,-0.022721129451091497,0.938762325142822,0.3407406316321195
2023-10-24 10:40:10.971120,1698136810.97112,152.84569891785793,329.5999247945725,41.27335676331931,0.02855070922899009,-0.0320202369371116,0.9419634071679811,-0.3329632126609504,150.32274390488715,342.7947199634504,119.93377975027813,0.045127879361365905,-0.02256629431907284,0.9387003159488169,0.34102192554532673
2023-10-24 10:40:11.071144,1698136811.071144,152.84770929186718,329.60158867705894,41.283385916825104,0.028535498514524568,-0.03204919629375462,0.9419722985989052,-0.33293657506159785,150.30724420081128,342.79375275083123,119.9679119439407,0.04616069084092374,-0.022618454875178915,0.938700659276491,0.34087925779376665
2023-10-24 10:40:11.171167,1698136811.171167,152.84758026805454,329.59570502548434,41.25880797433978,0.028445069649234253,-0.03211841654892814,0.9419709085257295,-0.33294157568896615,150.31267962091903,342.7906388927961,119.94536928145183,0.045777507275233005,-0.02272533615200032,0.9388090420160624,0.34062525090387485
2023-10-24 10:40:11.271191,1698136811.271191,152.84063493336626,329.59972929081295,41.2925456224059,0.02848924513857522,-0.03202145030375159,0.9419890351677664,-0.3328958504631428,150.3117720066274,342.78978983109516,119.96698018195212,0.0461452313656029,-0.02238835065970977,0.9386930404263273,0.34091751969080514
2023-10-24 10:40:11.371214,1698136811.371214,152.8561727211758,329.5917345703338,41.264228740387566,0.028427351872679068,-0.03186079327878495,0.941977851839813,-0.33294819741275805,150.31799150694368,342.7908345803192,119.9497826479265,0.04590265809107619,-0.022466288695631158,0.9387935850619117,0.34066819120519837
2023-10-24 10:40:11.471238,1698136811.471238,152.84053214212554,329.60314991771554,41.272483510453704,0.0285091958176197,-0.032151335595781344,0.9419764397804461,-0.33291726340307987,150.3137041510799,342.7933385555154,119.95718470165737,0.04583147551074523,-0.022382434664823838,0.9387729785048702,0.34074007292961217
2023-10-24 10:40:11.571261,1698136811.571261,152.85494743082768,329.6014250347695,41.275359956553885,0.028500588738040008,-0.032032827244017154,0.9419703334815521,-0.33294670033053875,150.31534748725562,342.787426125676,119.95213598459678,0.04595292708805757,-0.022606243604660316,0.938766319430814,0.3407272864688846
2023-10-24 10:40:11.671285,1698136811.671285,152.84599771885084,329.5994337283795,41.281133505000334,0.028513356208997042,-0.03200316128761049,0.9419776556149416,-0.33292774367342304,150.3191682031997,342.7944113004305,119.95969279080067,0.04610364101117488,-0.022689742026428886,0.9387119931497575,0.3408510287634414
2023-10-24 10:40:11.771308,1698136811.771308,152.84814556173941,329.60134145874997,41.27205362560504,0.028577954129216047,-0.032068598617301214,0.9419723654460597,-0.33293087609362076,150.31474542258906,342.7919113064781,119.94041974542833,0.04586688214872487,-0.0224869202200695,0.9387636335185853,0.34075417521133106
2023-10-24 10:40:11.871332,1698136811.871332,152.84282763945518,329.60029386638604,41.269110115887024,0.028479979352399407,-0.03205508798909485,0.9419778905144682,-0.332924940327412,150.321598846962,342.7950891371421,119.9359536664555,0.04531553036072991,-0.022697212658139836,0.9387056706881015,0.34097361050919844
2023-10-24 10:40:11.971355,1698136811.971355,152.84725965720247,329.6030677887788,41.29015868375254,0.028517188790904445,-0.032059659620888886,0.9419795943832628,-0.33291649393504114,150.3210020898854,342.79965995022314,119.96319020580435,0.045935693784544714,-0.02273381409790788,0.9386837626373362,0.3409484997680843
2023-10-24 10:40:12.071379,1698136812.071379,152.8549776799438,329.5932717376078,41.26619205543728,0.02847934590119815,-0.03198485788802707,0.9419716239928391,-0.33294947862283264,150.31362240600015,342.7855181566368,119.94836739662378,0.04579928817061094,-0.02283700102391574,0.9387711392982065,0.34071930471877626
2023-10-24 10:40:12.171403,1698136812.171403,152.8476224403344,329.6017901182095,41.274620718465734,0.028526696820419126,-0.03208433923651623,0.9419750116276272,-0.332926268434024,150.31286607713966,342.78568620253037,119.94844173880793,0.045713691266048205,-0.02254434796258292,0.9387903516367174,0.3406973532030782
2023-10-24 10:40:12.271426,1698136812.271426,152.8521828495919,329.603869795921,41.27976763389817,0.028541602455482578,-0.03204137154096655,0.9419829079511577,-0.33290678660389,150.31940211783154,342.7871736802142,119.9528109318269,0.046007531116193046,-0.022232151379253537,0.9387557277666461,0.3407737110032952
2023-10-24 10:40:12.371450,1698136812.37145,152.8524972932564,329.59347218719154,41.275946226658604,0.028448118704887056,-0.03205327230177473,0.9419627109962502,-0.33297078455848944,150.316357548824,342.786340950531,119.95442242289516,0.045834311533775596,-0.02263967204689725,0.9387838518320962,0.340692736457833
2023-10-24 10:40:12.471473,1698136812.471473,152.84911928047745,329.6044460626808,41.28519232220548,0.028544269486659442,-0.032051719859717526,0.9419677621560981,-0.3329484149115891,150.32927549623668,342.7978479250613,119.93968139224786,0.04524485341466954,-0.02277268435999705,0.9387318713433386,0.3409058254280188
2023-10-24 10:40:12.571497,1698136812.571497,152.84692589199483,329.5989183723329,41.281269164607686,0.02846227944204649,-0.032071925372043855,0.9419683494401432,-0.3329518267030611,150.31337853741567,342.7908567108419,119.95529734415504,0.04583406869441799,-0.022653446170499688,0.9386835594037639,0.34096808476541646
2023-10-24 10:40:12.671520,1698136812.67152,152.841562364612,329.6026894825627,41.271102992709416,0.028493890556578604,-0.032081357820498486,0.9419801766373639,-0.33291475110541985,150.32343013982802,342.7942174884242,119.93768068556577,0.04535127275918024,-0.02257233577152953,0.9387598230075731,0.340828030572208
2023-10-24 10:40:12.771544,1698136812.771544,152.84963201553566,329.5952553237693,41.26749526730099,0.02849230424935127,-0.032065142133211225,0.9419608452298857,-0.3329711418611811,150.3154283657461,342.7903618818617,119.94601074698402,0.04595166306836888,-0.02262951106532018,0.9387346716970786,0.3408130954701916
2023-10-24 10:40:12.871567,1698136812.871567,152.85434206555016,329.59809355582445,41.274087508603856,0.028424163181141007,-0.03210461176796948,0.9419754224190704,-0.33293192158321777,150.31734040626375,342.7899270396329,119.96906096033595,0.046067661807926416,-0.022664053853871314,0.9387489719542175,0.34075574661824737
2023-10-24 10:40:12.971591,1698136812.971591,152.84912890106273,329.60277749303293,41.281434112911526,0.028485734865019523,-0.03209064078411342,0.9419648867991238,-0.3329578137253708,150.32496882141626,342.7939717714455,119.95051599823543,0.04516697525430446,-0.022419173636405464,0.9386902878780773,0.3410540550165181
2023-10-24 10:40:13.071614,1698136813.071614,152.84091325124777,329.60079120522215,41.27527999348011,0.02855505892007504,-0.032177739129856275,0.9419779154114125,-0.33290660641046443,150.30425102921566,342.7841998138124,119.95881800253639,0.04602484150065345,-0.022744955846680917,0.9388063724271993,0.34059796834164335
2023-10-24 10:40:13.171638,1698136813.171638,152.84146015685644,329.60152090807003,41.28195209961297,0.02850385825124633,-0.032101082996385435,0.9419768880444442,-0.33292130139922976,150.30976015989305,342.78603625304845,119.95975498298567,0.04597649105973746,-0.022623953667101116,0.9387786488249555,0.34068896005109034
2023-10-24 10:40:13.271661,1698136813.271661,152.84664888021214,329.59943958229917,41.270622751184376,0.02852940002208066,-0.03197932287614516,0.941977486938183,-0.33292913712138344,150.31958291795033,342.78834600279293,119.93546275608912,0.04522337892442542,-0.022657978266083373,0.9387369322736967,0.3409023819290804
2023-10-24 10:40:13.371685,1698136813.371685,152.8513113597246,329.6039672104706,41.27429654713562,0.02851126092210202,-0.03218083698672308,0.9419622346900894,-0.3329544265348016,150.3109204279724,342.789052219528,119.95842304028295,0.04600294141536825,-0.022764579321983922,0.9387105812302398,0.34086353280427756
2023-10-24 10:40:13.471708,1698136813.471708,152.85252412019938,329.59358861639043,41.27577453190412,0.028512508753639233,-0.03198690476702874,0.9419642901997608,-0.3329671917118256,150.31310525761617,342.7805993875756,119.95752147819901,0.04598045237941494,-0.02252878707923541,0.9387943671989578,0.3406514169458732
2023-10-24 10:40:13.571732,1698136813.571732,152.83985455161596,329.59932855220313,41.277853037408576,0.028494904280281494,-0.03211986368303049,0.9419755194697806,-0.3329241287541025,150.310000500281,342.78406848923333,119.95340770181242,0.04603271283718072,-0.02265840680839618,0.9387595329117746,0.34073174979303245
2023-10-24 10:40:13.671755,1698136813.671755,152.84774518370568,329.6007634870554,41.271602350947866,0.028435534083485238,-0.032064345033592734,0.9419792010700834,-0.3329241399032535,150.31276388374548,342.7847401886054,119.953665755609,0.045816533082254474,-0.022506221624835693,0.9387929889767119,0.3406787917271455
2023-10-24 10:40:13.771779,1698136813.771779,152.84067865146758,329.60048568703684,41.266079470513525,0.028513841640405258,-0.03212738034827063,0.9419828899935863,-0.33290092704315893,150.3062801574047,342.7784467551393,119.94500336027801,0.045856649152303315,-0.02263239466512332,0.9387866118983298,0.34068260853865057
2023-10-24 10:40:13.871803,1698136813.871803,152.83853182588592,329.60349084267074,41.276092911934406,0.02853250282199776,-0.032112038890891384,0.9419819373843391,-0.3329035038605479,150.31075612174885,342.78503687472386,119.94972970799775,0.04573606437256022,-0.022534243294325428,0.9387323959518707,0.34085467443666
2023-10-24 10:40:13.971826,1698136813.971826,152.84778390594408,329.5958244262854,41.27809788630601,0.02846875342599747,-0.03201009346993598,0.9419796350719822,-0.3329252935781102,150.32021719017308,342.7812158500767,119.94191630859343,0.045245448269343944,-0.02271648243283127,0.9387204472992743,0.34094095186562073
2023-10-24 10:40:14.071850,1698136814.07185,152.84725087044174,329.6009148348248,41.275409562878586,0.028624948909508577,-0.032144055784459814,0.9419727518254188,-0.33291846869181274,150.31116439369194,342.7809835242724,119.9444065557943,0.04590570615517548,-0.02264431196282502,0.9387985316785921,0.34064236113003427
2023-10-24 10:40:14.171873,1698136814.171873,152.84417262654048,329.6011043704256,41.2733671837457,0.028494480534650424,-0.03201442950596032,0.9419779818028782,-0.3329273534587461,150.3077662005604,342.782174865987,119.9498446419509,0.04593358194569738,-0.022664872202935008,0.9387707743663957,0.3407137256013918
2023-10-24 10:40:14.271897,1698136814.271897,152.8428058883311,329.5979871445831,41.28416568824912,0.028562850334173974,-0.03202083021852467,0.9419812759550662,-0.3329115584700678,150.3136943823087,342.7801445598983,119.95598947960217,0.04554060485320556,-0.022794519127698847,0.9387467565461164,0.34082398724486496
2023-10-24 10:40:14.371920,1698136814.37192,152.85172296309955,329.5928411356529,41.267620176188345,0.028416577093522168,-0.03202869331316363,0.9419672444781219,-0.33296301788822363,150.31246610767184,342.77471813491616,119.94594152202825,0.045737620135977944,-0.022824222035893228,0.9387765716315458,0.34071347720404926
2023-10-24 10:40:14.471944,1698136814.471944,152.85074545935134,329.59333013502345,41.26969504483408,0.028425315819187242,-0.03200757458337484,0.9419621241068541,-0.3329787881201636,150.3227409802951,342.78529943499694,119.94386376701787,0.04524809974939305,-0.022715181268970593,0.9386862106605575,0.3410349365163496
2023-10-24 10:40:14.571967,1698136814.571967,152.8571920095273,329.5926789446843,41.27308105923917,0.028497186240526454,-0.03197408586833892,0.9419660577017892,-0.3329647343894043,150.31706476170072,342.7837140266171,119.95747342195683,0.045974641074405215,-0.02252161873219196,0.9387092994977951,0.3408870195594433
2023-10-24 10:40:14.671991,1698136814.671991,152.85034316639627,329.6005825214218,41.265132756238316,0.02850541689780614,-0.03212951970098025,0.9419677907812539,-0.33294416394036785,150.31597512994415,342.77861889109,119.94195952744617,0.045345255843416296,-0.02284596103483871,0.9386925612750668,0.3409958141146967
2023-10-24 10:40:14.772014,1698136814.772014,152.84909720126186,329.59534739848266,41.256851343461555,0.02846042299547357,-0.03207707668163905,0.9419664262009827,-0.33295693022465783,150.30659451008052,342.7750352943072,119.9372058414302,0.04588085235221388,-0.022650040016306768,0.9388107619002729,0.34061162108026094
2023-10-24 10:40:14.872038,1698136814.872038,152.84674606838956,329.5982230911015,41.2743150104599,0.028505994241159023,-0.03212135659031491,0.9419726276054915,-0.3329312174986404,150.3099438837416,342.77787583217616,119.95681287774293,0.04584701931385231,-0.022368785745905242,0.9387476325736284,0.3408087008597303
2023-10-24 10:40:14.972061,1698136814.972061,152.85122409676822,329.59969054434254,41.27550304705355,0.028465814688748967,-0.03205997447215647,0.9419680114862158,-0.3329536315579918,150.3208221240559,342.78549493222596,119.94239540937485,0.045440747836733186,-0.022767771916020738,0.938704334327236,0.34095592048427514
2023-10-24 10:40:15.072085,1698136815.072085,152.8484644977341,329.5897736783436,41.26065070494443,0.028460097109635724,-0.03198472517210274,0.9419677438913922,-0.3329621145060438,150.30909683742058,342.7810064483716,119.9448915428918,0.046006548826327834,-0.02268811784113941,0.93875237519428,0.3407530261656014
2023-10-24 10:40:15.172108,1698136815.172108,152.8469320988572,329.6023640772231,41.29102430033254,0.02855106905636014,-0.03209678253816795,0.9419816149012488,-0.3329042958486298,150.32249780558345,342.787070696126,119.95162103540163,0.045366970481168334,-0.02274061028539775,0.9386609630844097,0.34108693761951203
2023-10-24 10:40:15.272132,1698136815.272132,152.84568812679927,329.60329359003197,41.2777412914337,0.02853572996388607,-0.032105628151458794,0.9419896436503327,-0.3328820391849758,150.30771966501354,342.78407993525985,119.95598487224387,0.04598028415418235,-0.02260812258965889,0.9387114068913167,0.34087472894627524
2023-10-24 10:40:15.372155,1698136815.372155,152.85312411892073,329.59774782395033,41.289653472334926,0.028503305601530776,-0.03207950282381674,0.9419652246100912,-0.332956427620226,150.3109500273579,342.7764104758166,119.96575015509737,0.04572892662493667,-0.02282989867943622,0.9388187551502051,0.3405980122875603
2023-10-24 10:40:15.472179,1698136815.472179,152.85562683604584,329.59476311634336,41.278347845483786,0.028532842469221283,-0.03198268563281713,0.9419799818499801,-0.3329214599785515,150.32964102525284,342.7851565738705,119.93703905276597,0.04539742574475282,-0.022909516536403884,0.9386714551609453,0.34104270561595557
2023-10-24 10:40:15.572202,1698136815.572202,152.83827935588442,329.59594339606144,41.26783565267785,0.02846755656077751,-0.032097866339112005,0.9419811013732313,-0.3329127961728259,150.30869275340055,342.77374877449256,119.94877870174126,0.04570919294146231,-0.022602474355128223,0.9387594586082125,0.3407792198877179
2023-10-24 10:40:15.672226,1698136815.672226,152.84853606905074,329.5977003124389,41.2677209812222,0.02850739737786541,-0.03206924882756071,0.9419745527349882,-0.33293067382579133,150.3111032103744,342.77371431713664,119.93996933423908,0.045832923061001146,-0.022583378082153584,0.9387809586937667,0.3407046313041477
2023-10-24 10:40:15.772250,1698136815.77225,152.84799973412416,329.5888771538475,41.2700255230233,0.028433715195198526,-0.031965656222716896,0.9419722933139416,-0.3329533289987098,150.30815354357696,342.7742850691612,119.95016596862904,0.04592728966136387,-0.022726056729863813,0.9387966176624778,0.3406392829304392
2023-10-24 10:40:15.872273,1698136815.872273,152.85106000663703,329.5945255385776,41.280069687826426,0.028537668972385483,-0.03205493600864492,0.9419687977673686,-0.33294574116483666,150.31180075759102,342.77477763016,119.95870370344673,0.04593189496819777,-0.022703912117443294,0.9387706790203989,0.34071161648933135
2023-10-24 10:40:15.972296,1698136815.972296,152.85158944656573,329.5991273775273,41.2763741086098,0.0284859748587167,-0.03202143486204174,0.9419730556912855,-0.3329413451305604,150.30591593166815,342.772457869767,119.95821033571454,0.04575323749903364,-0.022593850479314025,0.9387950040170578,0.34067594516121585
2023-10-24 10:40:16.072320,1698136816.07232,152.8501733274892,329.5985719775118,41.27268647792695,0.028498577951334533,-0.03211078612050015,0.9419655430998319,-0.33295291571348923,150.3123351565632,342.77717660160647,119.9557466777223,0.04598716798969285,-0.022661508881647547,0.9387597412417132,0.3407371195207333
2023-10-24 10:40:16.172344,1698136816.172344,152.84543875520953,329.5947052431278,41.25718461047593,0.028472902775507833,-0.032018054459735046,0.9419703937396589,-0.33295031958852683,150.30551757608404,342.77786025069906,119.93894143373441,0.045984409763040114,-0.02260350349014087,0.9388070004722999,0.34061111484054524
2023-10-24 10:40:16.272367,1698136816.272367,152.84951152433177,329.5960653570558,41.292617201351604,0.02852324174606721,-0.03203544501506133,0.9419753745160706,-0.33293024607009053,150.3123531596748,342.7849338170249,119.96387555882808,0.04615971538334905,-0.02266693269777423,0.9387380376785452,0.34077321997662485
2023-10-24 10:40:16.372391,1698136816.372391,152.85691805725097,329.5961245127822,41.271317254234944,0.028476252979391384,-0.03208246310992439,0.9419660340022447,-0.33295616733008015,150.31683498717453,342.77829779219803,119.95426497195517,0.045902851967211555,-0.02261273835263806,0.938731723658586,0.3408289061133922
2023-10-24 10:40:16.472414,1698136816.472414,152.84626848203234,329.5934208586241,41.28545383029535,0.028492772021239825,-0.03197128786752278,0.9419693169943395,-0.332956160080956,150.30386048085666,342.7802465095234,119.96159396810118,0.04576439906910142,-0.022800862691597933,0.9387754940918581,0.3407144143281155
2023-10-24 10:40:16.572438,1698136816.572438,152.8547852316069,329.5959480963244,41.28252501146094,0.02855744902355487,-0.032086495341783684,0.9419693222513904,-0.33293952132362586,150.31797418444972,342.777295755069,119.94944524402466,0.04577502196617814,-0.022766527990537258,0.938743317551744,0.340803926502025
2023-10-24 10:40:16.672461,1698136816.672461,152.85200356810913,329.59428717350295,41.27522233327077,0.028454285611404277,-0.03198955255764804,0.9419724023610079,-0.33294896808330515,150.3054909038151,342.7732626465937,119.95383328396628,0.045858506595639684,-0.022797516709381224,0.9387784804597517,0.34069375578425687
2023-10-24 10:40:16.772485,1698136816.772485,152.84370412776425,329.59185556875457,41.232979911907954,0.028472674863237922,-0.032121182526024764,0.9419743724732569,-0.33292914865309714,150.3246519556412,342.77472695066183,119.89670793493923,0.04516379681523465,-0.020769838380453008,0.938643269013191,0.34128823420550636
2023-10-24 10:40:16.872508,1698136816.872508,152.8477551001942,329.58851141933087,41.27183344857291,0.02848428316646474,-0.031964571918971764,0.9419721565861544,-0.3329494976283324,150.30624879354934,342.7720366178814,119.94817730569972,0.045901546077001566,-0.022587677151407873,0.9387132378356516,0.34088165398089715
2023-10-24 10:40:16.972532,1698136816.972532,152.84605425837117,329.5907023761523,41.264043232009854,0.028440940063185066,-0.03205351112313808,0.9419791162635448,-0.3329249613296552,150.3228699226564,342.7777501347577,119.93683927593895,0.04549614000360384,-0.022819278818017125,0.9386775495922206,0.34101882594739896
2023-10-24 10:40:17.072555,1698136817.072555,152.84732893884888,329.5899052761699,41.27773648331512,0.02856796317081611,-0.03193554974097143,0.9419832629623885,-0.3329136891774569,150.30581779474352,342.7726919462032,119.95009210966155,0.0458353145615568,-0.022745216349961017,0.9388180622987059,0.34059128728424604
2023-10-24 10:40:17.172579,1698136817.172579,152.846391558441,329.5993113953478,41.29546335815045,0.028566073203963094,-0.031985393360432185,0.9419820862433776,-0.3329123957888292,150.31972695397252,342.780012179613,119.94943933489405,0.04521483702426617,-0.022817902036705983,0.9386772487216658,0.341057157367847
2023-10-24 10:40:17.272602,1698136817.272602,152.84319688661847,329.6004351896964,41.26273767595326,0.028572278381755925,-0.03219412563157264,0.9419759296829723,-0.3329091634076692,150.2923060092809,342.7725604912604,119.95438642925038,0.04376580503349637,-0.02361367718725837,0.9387509820722765,0.34098906466014756
2023-10-24 10:40:17.372626,1698136817.372626,152.84155059461492,329.59367954624383,41.27008234512993,0.02849442496119429,-0.03205194410577628,0.9419719294222899,-0.3329408728372345,150.31300704286016,342.77938816792187,119.93061402519344,0.04528337778900964,-0.02270873996136189,0.938704080617493,0.34098149195733823
2023-10-24 10:40:17.472650,1698136817.47265,152.84952455319365,329.5979356110002,41.273745149077776,0.02861084978259083,-0.032187774471151544,0.941980989788201,-0.3328921466886139,150.32693047212823,342.7757020250887,119.93562967998676,0.04537205187328548,-0.022501301905517905,0.9387122590626122,0.34096094058840803
2023-10-24 10:40:17.572673,1698136817.572673,152.85315285082143,329.59966531676264,41.285553623521245,0.028487939986098613,-0.03218402404292376,0.9419655923253065,-0.3329466154610786,150.32224240397508,342.7891580666548,119.95934047147749,0.045418861423037915,-0.02286931430358814,0.9386400159727436,0.3411290692758477
2023-10-24 10:40:17.672697,1698136817.672697,152.8589209447214,329.5866431829461,41.246783408201985,0.028428496864252202,-0.03191393301248829,0.9419647441174684,-0.33298009292662795,150.3311058492938,342.77242180258014,119.90458684252168,0.04561120485464678,-0.021139220894774786,0.9386377971886819,0.34122109697445185
2023-10-24 10:40:17.772720,1698136817.77272,152.8410106976999,329.5958902867907,41.275516878785865,0.028518150923747723,-0.03200973694882087,0.9419831799918669,-0.33291106983812946,150.30078382012422,342.76495803143905,119.94630198855197,0.045985681668933694,-0.022717709528319786,0.9387627574396971,0.3407252676269356
2023-10-24 10:40:17.872744,1698136817.872744,152.8505228840031,329.59639407908236,41.25156283317411,0.028545782473728187,-0.032142894080265376,0.9419696767207026,-0.3329340787630527,150.33167557006502,342.7686172736081,119.9057841718263,0.0454802045854884,-0.021174820201741402,0.9386773392889152,0.3411275871074764
2023-10-24 10:40:17.972767,1698136817.972767,152.84116017456225,329.598563187855,41.25751048316014,0.028546041678844628,-0.03229830339444829,0.9419750422204876,-0.33290383436665383,150.28810294863115,342.7732271493039,119.9540096580424,0.043970078583303124,-0.02405785325945303,0.9387520186898128,0.3409288771748824
2023-10-24 10:40:18.072791,1698136818.072791,152.84987714382004,329.5948228243145,41.27990831512363,0.028577688590662426,-0.0320386835945082,0.9419825625475561,-0.33290492685552975,150.32768612834792,342.7790019710251,119.93318266053159,0.045151665722877536,-0.02266200888769793,0.9386593479802219,0.3411251806668165
2023-10-24 10:40:18.172814,1698136818.172814,152.85135977245255,329.6038006711558,41.29241457568373,0.02855721126313798,-0.03205211771526681,0.9419842698416382,-0.3329005599360791,150.32572939835546,342.7779391355319,119.94464577180291,0.04526817972640348,-0.02301168524296889,0.9386827094194167,0.3410220304959192
2023-10-24 10:40:18.272838,1698136818.272838,152.85521919716453,329.594256271812,41.27336100022012,0.028463042991759127,-0.03192865387846451,0.9419716707304294,-0.3329561349284348,150.3117222156449,342.77346442030273,119.94441726465385,0.04572897733880901,-0.022508532955414585,0.9387801039065019,0.3407259060961455
2023-10-24 10:40:18.372861,1698136818.372861,152.86684045474303,329.59185932542874,41.25662288590004,0.02839003795871874,-0.03209462156144152,0.9419551197650623,-0.3329932332043964,150.31672910822115,342.7730315044203,119.94842735411927,0.04612251746236206,-0.022911673297329623,0.9387067159912194,0.3408481626217616
2023-10-24 10:40:18.472885,1698136818.472885,152.85152394503237,329.5988077128341,41.28215160657357,0.028536582671146157,-0.032157354207131256,0.9419739946076734,-0.33292125420692664,150.31754465583816,342.77348064904214,119.96071969118229,0.04594262695082038,-0.022712206781620656,0.9387831857418749,0.34067515445113283
2023-10-24 10:40:18.572908,1698136818.572908,152.85947772472989,329.59482940383475,41.246894578933315,0.028510010178379362,-0.03214138051188736,0.941958489868421,-0.3329689390066629,150.31196510395677,342.7649443284226,119.93655958783303,0.04599141779972706,-0.022959088760598097,0.9387544908331906,0.3407310899706259
2023-10-24 10:40:18.672932,1698136818.672932,152.849631303045,329.59468574002926,41.28537076571258,0.028486732856537064,-0.032037429506817816,0.9419749452406047,-0.3329343954906372,150.3121122586801,342.773520085946,119.9565745161588,0.0460557752136349,-0.0228695286720358,0.9387636342020259,0.34070322764481575
2023-10-24 10:40:18.772955,1698136818.772955,152.8594462292209,329.59650205534206,41.2641269773492,0.028581893998921647,-0.03199589866192514,0.9419736839329553,-0.3329338021019001,150.31831814939358,342.7731132224847,119.9382314124779,0.0457447499210134,-0.022611676748865737,0.938730983812301,0.34085226999399343
2023-10-24 10:40:18.872979,1698136818.872979,152.84857410380397,329.59199225061695,41.261442885051736,0.028440620082053128,-0.03197818925072767,0.9419665609189004,-0.33296775317170346,150.30780260771337,342.7726583798048,119.9359818525513,0.04569424026212768,-0.02245529197477439,0.9387353718519327,0.34085729844497725
2023-10-24 10:40:18.973002,1698136818.973002,152.86919490918515,329.5976526277491,41.26551876228356,0.02847797519377746,-0.03206760013284241,0.941975783025125,-0.3329298697095015,150.32547700876066,342.77376197962263,119.94253236798923,0.04585236731854698,-0.022726835196309515,0.9387649096766,0.3407366956069304
2023-10-24 10:40:19.073026,1698136819.073026,152.8572342611838,329.60180238603743,41.267670719524965,0.02854629168640614,-0.03218347040604827,0.9419713832684744,-0.33292528676394423,150.31218343728037,342.7736032037513,119.94952157291023,0.04591659003109466,-0.022740205979310563,0.9387609991945814,0.34073792888835586
2023-10-24 10:40:19.173050,1698136819.17305,152.8551392405431,329.60489805176354,41.26667447291885,0.028496528998936326,-0.032152098819020446,0.941975864362129,-0.3329199022824632,150.32691933448382,342.7767566515573,119.93472728525276,0.04518208477319142,-0.022717333950686893,0.9386790489431989,0.3410632566384316
2023-10-24 10:40:19.273073,1698136819.273073,152.85596310838838,329.60628883261694,41.29140343640975,0.028560443195163914,-0.032220337316283404,0.9419850698966081,-0.3328817793746049,150.33380138282592,342.7822618503017,119.95425486452214,0.04537062346711907,-0.02268749663701888,0.9386395864890346,0.34114881019614385
2023-10-24 10:40:19.373097,1698136819.373097,152.85712321743026,329.60062663917927,41.274586892615154,0.028578178225350335,-0.032142128739911964,0.9419751679733983,-0.33291583652760515,150.3248720175764,342.7752239109851,119.94583815085058,0.04575004889594512,-0.022422998065176086,0.9387014044960905,0.3409454727384641
2023-10-24 10:40:19.473120,1698136819.47312,152.85833470798806,329.59192332066146,41.265416418684666,0.028468642534337854,-0.03205661786598802,0.9419616423465761,-0.33297173151933984,150.32624519000373,342.77388508714324,119.93365839617431,0.045369193250204935,-0.022634416402653904,0.93870431156497,0.3409743904566334
2023-10-24 10:40:19.573144,1698136819.573144,152.84754697262602,329.5974886099106,41.275858978121306,0.028467980142390544,-0.032026607859649434,0.9419796253783604,-0.3329237988904678,150.3134382203139,342.76864744037584,119.95404793160678,0.046013211100582124,-0.0228261508352047,0.9387041756436735,0.3408756692276427
2023-10-24 10:40:19.673167,1698136819.673167,152.85217967686856,329.5909628531271,41.2679207221121,0.028531420917711454,-0.03191745636590131,0.9419879253768426,-0.3329053655977612,150.3252698277653,342.77371231882296,119.92926270043105,0.04547236897532191,-0.02261066807863297,0.9386494135773469,0.34111332389649174
2023-10-24 10:40:19.773191,1698136819.773191,152.84890616801786,329.5921591358278,41.27327941708727,0.028500178529288264,-0.03209954190995845,0.9419833656506031,-0.332903436555605,150.3218526754756,342.76923669814795,119.94200939578995,0.04520478797225562,-0.022656669520810316,0.938701506863365,0.3410024684412949
2023-10-24 10:40:19.873214,1698136819.873214,152.8591508740186,329.5941418842588,41.278304009539674,0.028420615496737894,-0.03198338445354199,0.9419715726983734,-0.3329547836596384,150.2886397968324,342.76054319532915,119.98272417702438,0.044576670732789724,-0.02376720845045585,0.938808841829053,0.3407139544140295
2023-10-24 10:40:19.973238,1698136819.973238,152.8604168957226,329.5861496951105,41.24897666859345,0.028392497138095378,-0.03189376153253837,0.9419605577263049,-0.3329969395798068,150.19385921837141,342.45916715966473,119.9905059584812,0.04475719815948797,-0.025096899133196373,0.9385343039584485,0.34135069819767655
2023-10-24 10:40:20.073261,1698136820.073261,152.85620258821154,329.58907365713554,41.26696544662557,0.02839521367787331,-0.03178946088500973,0.9419610868043653,-0.3330051845890201,150.19962993873443,342.4600166508256,120.00286695386947,0.045031146294848154,-0.025402775790564006,0.9384446919350439,0.34153836537707877
2023-10-24 10:40:20.173285,1698136820.173285,152.86552886413443,329.5918568189197,41.27341991887037,0.028393267351066898,-0.031737049635913,0.941963791839034,-0.33300269805778965,150.18812081850857,342.4443568441364,120.0080321181417,0.04483936630903163,-0.025504200670535278,0.9384564228896556,0.3415238049013767
2023-10-24 10:40:20.273308,1698136820.273308,152.8623172603628,329.57687755223174,41.241949705552535,0.028576657506249825,-0.03227094401516952,0.9420095318411449,-0.33280625405567016,151.04710066930932,342.1769553568594,119.9928321037575,0.04828875515025549,-0.024774475923308278,0.9374591607215187,0.34383825186862205
2023-10-24 10:40:20.373332,1698136820.373332,152.86914207645847,329.58059058710563,41.255163543989504,0.02868507940458294,-0.03242701074912614,0.9420030361084308,-0.3328001429626004,151.09087984055768,342.19806758589215,120.01141006216172,0.04899114589670549,-0.024533237254683583,0.9374730165211511,0.34371838936586857
2023-10-24 10:40:20.473355,1698136820.473355,152.86898429091417,329.573209099624,41.255417862463034,0.0286432929620452,-0.03227861642734516,0.9420135883329518,-0.332788299202215,151.07977564862693,342.18859510111645,120.01185273857318,0.049228138598554225,-0.024300547557291215,0.9374497090259035,0.34376462413370346
2023-10-24 10:40:20.573379,1698136820.573379,152.86760354949658,329.5797293372514,41.23990362606255,0.02871562915113608,-0.032428631781029886,0.9420036546992756,-0.33279559945478976,151.10406814962246,342.14114359664586,120.0186102810785,0.05023121898267002,-0.02403601938556322,0.9379194746496368,0.34235384251467293
2023-10-24 10:40:20.673403,1698136820.673403,152.87109058547108,329.56805205405203,41.24203107686925,0.028579855978874656,-0.03219432678101708,0.9420096279395133,-0.33281312778285005,151.0839911474663,342.18571559536036,119.99683693301282,0.04906163169747556,-0.024577746747945328,0.9375120674650688,0.3435986234217879
2023-10-24 10:40:20.773426,1698136820.773426,152.86118707525634,329.5729254680921,41.2351010500568,0.028742071048458016,-0.032441555506711926,0.9420132691791517,-0.3327648411694921,151.09635052278367,342.1967483373091,119.97563860661784,0.04872485317014044,-0.02377508418374915,0.9374177373448203,0.34396020084730944
2023-10-24 10:40:20.873449,1698136820.873449,152.86346949501598,329.5773798238806,41.246787518433166,0.02869145326204931,-0.03237902748378651,0.9420160699506238,-0.33276737076176405,151.08444716597808,342.19565121047526,120.0045285544221,0.049088502840229184,-0.024413810349074312,0.9374453473663081,0.34378846032757737
2023-10-24 10:40:20.973473,1698136820.973473,152.8583057075953,329.5759917374053,41.251195287934586,0.028677239722720134,-0.03233967132271822,0.9420215874647411,-0.33275680358338805,151.08302415599624,342.1894795704801,119.99043466740252,0.04823164814019068,-0.02460106618603476,0.9375850162626659,0.3435154042250913
2023-10-24 10:40:21.073497,1698136821.073497,152.86193043159415,329.5742180856337,41.248738260362906,0.028612621236857178,-0.032266246544748856,0.942014365237203,-0.3327899381390896,151.11511657424577,342.16224581466497,120.0141384038553,0.05009758346702472,-0.023427003168313476,0.9377907351225636,0.3427680626481966
2023-10-24 10:40:21.173520,1698136821.17352,152.87137653307198,329.56990119883267,41.22545934616199,0.02862078542847769,-0.03243234011704252,0.9419908039750505,-0.33283978004803955,151.10154542140495,342.15580495465133,120.02154537296961,0.05034934789097375,-0.02370207577837322,0.9378617398063348,0.34251789993836046
2023-10-24 10:40:21.273544,1698136821.273544,152.87256368576698,329.5713427406407,41.24462477133229,0.028638426004933493,-0.03239084807909977,0.9420009133175634,-0.33281369086255036,151.08939982213624,342.20117105142725,120.00467212677776,0.048728629358341866,-0.0246517471128533,0.9374997386875861,0.34367434004570274
2023-10-24 10:40:21.373567,1698136821.373567,152.87487881199178,329.56800018201625,41.22917681859398,0.028619755264416243,-0.03229720600974221,0.9419973197262491,-0.33283456809822515,151.1062214434002,342.1678712295698,120.02625446730497,0.050282514829406044,-0.023881407467321928,0.9378672548569209,0.3425001596305521
2023-10-24 10:40:21.473591,1698136821.473591,152.8632155734139,329.57287591950865,41.241193021397976,0.028693408778522958,-0.03235454939664165,0.9420099940850757,-0.33278678229437636,151.1028860547345,342.17258753087293,120.01341926757448,0.05017786794094473,-0.024013303509243477,0.9378070871376478,0.3426709940130247
2023-10-24 10:40:21.573614,1698136821.573614,152.84357970276074,329.49921216708975,41.25736109150159,0.02868173127839886,-0.03206259561829462,0.941794315358898,-0.3334258775361566,150.9732903344746,342.2481948085166,120.02471873098771,0.049408405230024904,-0.02391253554115014,0.9378121152290323,0.34277607364906215
2023-10-24 10:40:21.673638,1698136821.673638,152.8594488906494,329.56547067073683,41.22778234453241,0.028604457333760262,-0.0322561490632647,0.9419987385127013,-0.33283584919405673,150.97317068300524,342.26280598598197,119.99926139228194,0.04955620991018777,-0.02387872871108867,0.9377888142183198,0.3428208399462865
2023-10-24 10:40:21.773661,1698136821.773661,152.86002270883736,329.57047668187136,41.244265038346924,0.028602924421664493,-0.032254270034345826,0.9420055288754828,-0.3328169442007152,150.95915778868385,342.2526225731227,120.01023670000075,0.049626745005797036,-0.023923035359228826,0.9378733191177899,0.34257628617041047
2023-10-24 10:40:21.873685,1698136821.873685,152.86053312452447,329.5714561162308,41.24490049381506,0.02863395923850304,-0.03221306723783012,0.9420210954389602,-0.3327742033653455,150.98413615997157,342.2618838658624,120.01637990748618,0.049448026352049534,-0.02388886645256894,0.9378280828287204,0.34272832069629905
2023-10-24 10:40:21.973708,1698136821.973708,152.85970374364095,329.57121941124257,41.253457687666724,0.028593435458381514,-0.03230604131444677,0.9420053536510645,-0.33281323416596514,150.97045375379977,342.2546397711675,120.00005781628906,0.04859885541502407,-0.0244757743476391,0.9378721587366073,0.3426877610729178
2023-10-24 10:40:22.073732,1698136822.073732,152.88090740089285,329.5720818394229,41.24641663901814,0.028499407948346392,-0.03223666402131793,0.9419940464223098,-0.3328600272551419,150.989218847218,342.26219785092695,120.0274217877657,0.0495197155439478,-0.02378789137766564,0.9377980581935814,0.34280714118086714
2023-10-24 10:40:22.173755,1698136822.173755,152.88009613895343,329.5780804360866,41.252825740174806,0.02852953063407958,-0.032158899474801515,0.9419959177313294,-0.33285967320160514,150.98474658701994,342.2623127859859,120.02408581585908,0.04956863128209135,-0.023713229051909705,0.9378283221631636,0.3427224412106352
2023-10-24 10:40:22.273779,1698136822.273779,152.8709790149358,329.5660923581646,41.26518586151645,0.02870654708531924,-0.032072160391695394,0.9420629612434152,-0.33266302429866684,151.06573114337723,342.1891944969961,119.97774706516591,0.04672629739759339,-0.02445862291563958,0.9386663555954745,0.3407695728343312
2023-10-24 10:40:22.373803,1698136822.373803,152.844465486327,329.5588217980513,41.265589652039274,0.02858330422436875,-0.031791972059613066,0.9419273598637125,-0.3330842445573707,150.38254533210787,341.5392883362058,120.00572306842115,0.04971913629109876,-0.0280417124711862,0.9392781880722185,0.3383757604497118
2023-10-24 10:40:22.473826,1698136822.473826,152.82674782593568,329.50980376689404,41.57168377756359,0.029635513939878854,-0.029449688324023025,0.9419435077756974,-0.33316194310027686,150.795136451319,340.8397185937024,119.89644545342863,0.0474192533429629,-0.031767168129450914,0.942295238587855,0.32988171330961713
2023-10-24 10:40:22.573850,1698136822.57385,152.8312428029062,329.51761980314797,41.59208533904003,0.029628300747557137,-0.029249609585593556,0.9419778466049138,-0.333083113711086,150.87329275168034,341.1340436621364,119.90819392787168,0.04732153207643496,-0.029683175405064235,0.942661597511775,0.32904208587407074
2023-10-24 10:40:22.673873,1698136822.673873,152.85060934668638,329.5908731029664,41.26847289943564,0.028447724788815236,-0.03199365051511749,0.941976756998964,-0.332936814658234,150.4874056497628,342.48464223812664,120.00855880920733,0.04624584264921912,-0.024680799972452462,0.9399770417280057,0.3371873977103096
2023-10-24 10:40:22.773897,1698136822.773897,152.85321962481507,329.5039782698425,41.293917700299474,0.028496488847177037,-0.031394061656089794,0.9418408631218267,-0.33337389155428626,150.73995904921023,344.41664562912035,119.84663958260818,0.03943581314124187,-0.012657966484826068,0.9399740082610033,0.33872327395692997
2023-10-24 10:40:22.873920,1698136822.87392,152.80495348591285,329.59974816533577,41.3553057842838,0.02779687340611611,-0.031612992653699025,0.9416921572306994,-0.33383204390009225,149.65012139247548,345.61961400532635,119.69549874756552,0.035249332033307004,-0.007307280797858356,0.9440239532360466,0.3279067915660387
2023-10-24 10:40:22.973944,1698136822.973944,152.82629775316167,329.65221706635936,41.39731248746757,0.02744197213261928,-0.032170227378348716,0.9417371655038101,-0.3336811737943081,150.5280735230887,346.6108316698164,119.63775044658493,0.03577819537152971,-0.0006279186639472238,0.9441393578650862,0.32759792335149335
2023-10-24 10:40:23.073967,1698136823.073967,152.81075045480142,329.62828643409097,41.41047261409333,0.02743478678798578,-0.03136309262405505,0.9417326042347172,-0.33377146525167545,150.31505890680847,346.9818305432093,119.57911909595639,0.03850403720029114,0.00532417498295548,0.9538818867044667,0.2976548983254877
2023-10-24 10:40:23.173990,1698136823.17399,152.83173364985535,329.5956354159852,41.41102640752288,0.02754299158737803,-0.03136835631476546,0.9418574519845173,-0.3334095829123097,151.19540242670544,347.0638750082132,119.56305820318016,0.043421869130679094,0.007228988723258585,0.9603212823706988,0.2754002861820114
2023-10-24 10:40:23.274014,1698136823.274014,152.83494497182764,329.5168284299673,41.32224595058659,0.02813936869182331,-0.031079753346247765,0.9418451910005593,-0.333421446596769,150.88045786629445,347.38863122570297,119.55802517536625,0.04080671167215573,0.010403353788791165,0.964226061949749,0.26171489061444253
2023-10-24 10:40:23.374038,1698136823.374038,152.79549738152218,329.5165578293219,41.27383146461328,0.028591701760073387,-0.03132949016612935,0.9417118976689997,-0.3337359426628261,149.72752748511357,347.3722809054095,119.52056613265796,0.03832948942692443,0.01218814653318769,0.9692117750045369,0.24292145750614885
2023-10-24 10:40:23.474061,1698136823.474061,152.84600080188878,329.4735676387455,41.24396674368368,0.028793055566715436,-0.03196152016721432,0.9418623992018443,-0.333233614975258,148.3320677475322,346.8162696655429,119.54706015076839,0.02723657148041462,0.00920404788580167,0.9743668611238162,0.22312031422582312
2023-10-24 10:40:23.574085,1698136823.574085,152.85513392616744,329.4453709225249,41.17933879888474,0.02910930511616526,-0.03238548106026258,0.9418633587279643,-0.33316248657048353,148.65213593138742,345.5253252527551,119.68450648836907,0.03356890187728052,0.0027652633047843657,0.9764928838470478,0.21290169079104268
2023-10-24 10:40:23.674108,1698136823.674108,152.8445060068764,329.44200193187345,41.177500679765416,0.029147871391577342,-0.032351888269824096,0.9418729985032364,-0.3331351251508004,149.35218299153857,342.39470574663096,119.84613314867588,0.04234239655409134,-0.014647924822619344,0.9798281376497833,0.19475466726680632
2023-10-24 10:40:23.774132,1698136823.774132,152.85156572576454,329.4423998395131,41.20867126839835,0.029211800362858593,-0.03228330038457832,0.9418904433835293,-0.3330868533860471,149.2628870437879,342.1191208229393,119.87727855178058,0.04278682461845071,-0.015412447794785521,0.9795111129949758,0.19618798029284773
2023-10-24 10:40:23.874155,1698136823.874155,152.8082504348553,329.47185445544227,41.201696161337594,0.029016905155916498,-0.032310640060123796,0.9417491035301372,-0.33350062631764377,151.25235011329627,343.2586443307746,119.86528328377395,0.05408605431860213,-0.005732596289203016,0.9792583593421531,0.19517915289944474
2023-10-24 10:40:23.974179,1698136823.974179,152.81063509545837,329.47137767916246,41.182905417280196,0.029018454949560055,-0.03235844727632847,0.9417446034390059,-0.33350856369172155,151.36128145844086,343.3384871304475,119.84719366520928,0.05457353097593402,-0.0052987524637991,0.9791722922450137,0.19548727589997197
2023-10-24 10:40:24.074202,1698136824.074202,152.84282584744432,329.41707685517764,41.20067882890339,0.029167987070170872,-0.03176135234285345,0.9418637340589151,-0.3332163733855598,151.60336663877865,343.5109613969908,119.80682479168676,0.05027675293367004,-0.009456590681106207,0.9727185408737937,0.2262773988879457
2023-10-24 10:40:24.174226,1698136824.174226,152.84823541718507,329.4401979636633,41.21041519184571,0.028942670484025268,-0.03180184910118204,0.9418855346920108,-0.33317053254593787,152.24614134364919,343.767599553761,119.83451236609717,0.05503587743315355,-0.005219287277007385,0.9698267291799707,0.23744457585626752
2023-10-24 10:40:24.274249,1698136824.274249,152.8553730944164,329.46527524681613,41.242312394108744,0.02877145081447944,-0.031850409594404154,0.9418994812292529,-0.33314129477860116,153.19365341176731,343.7334138546313,119.87443349952282,0.060298268723758826,-0.0057206907474316665,0.9632184679095199,0.2618044605508601
2023-10-24 10:40:24.374273,1698136824.374273,152.88165138089278,329.4822081980172,41.266382980220065,0.028469048315987924,-0.03190585749471365,0.9419283437670053,-0.33308035780252077,154.45104341070996,343.99881250763303,119.8285667257286,0.06544632984868058,-0.004667357227329129,0.9561317602796114,0.2854943969160549
2023-10-24 10:40:24.474297,1698136824.474297,152.85111439537027,329.5162628297342,41.295331348222625,0.028359221580570488,-0.0317944108440619,0.9418643481791251,-0.3332812920335238,153.2952830513441,343.87082392587575,119.8463300377835,0.05817076752776477,-0.009986302167046534,0.950919365138851,0.3037577926213315
2023-10-24 10:40:24.574320,1698136824.57432,152.86404994248682,329.5506039627784,41.31231718114754,0.02800610680335278,-0.03207603333054488,0.9418625250088993,-0.333289318837789,151.27892381753963,344.84588621436626,119.74078608641295,0.04311558572391128,-0.008707541264437903,0.9456806083997631,0.32210776440419175
2023-10-24 10:40:24.674344,1698136824.674344,152.84660870122258,329.5179698760932,41.30144790845595,0.02821694507220712,-0.031288032511899225,0.9418267672579426,-0.33344745239509566,150.8554667707894,347.11856920183897,119.5888838717056,0.03279032909294143,0.0008064559791407824,0.9397716689678464,0.3402254460679259
2023-10-24 10:40:24.774367,1698136824.774367,152.8343042561266,329.5236766723659,41.32070818188542,0.02816233629034725,-0.03116797891984775,0.941817656317838,-0.3334890435272143,150.4048657017632,345.6682924592108,119.62992926712,0.031315217494570294,-0.014182628212688885,0.9272468309101801,0.3728693132684375
2023-10-24 10:40:24.874391,1698136824.874391,152.84724956228786,329.514252953112,41.316747804410866,0.02831482914040902,-0.0312088092424682,0.9418181472435676,-0.3334709255678978,151.9615385155515,344.8348479577701,119.79399712503614,0.043359026220166734,-0.012246416765061255,0.9207417547665047,0.3875624351651656
2023-10-24 10:40:24.974414,1698136824.974414,152.86371151077293,329.51945710144554,41.274494781292255,0.028630492113377055,-0.0321374029160092,0.9418403032024466,-0.33329315252294567,151.44859455541686,340.2682028078109,120.02262311060566,0.05120274246233802,-0.03764320416273666,0.9155528027109834,0.39714523010198827
2023-10-24 10:40:25.074438,1698136825.074438,152.86725357120721,329.4641723902758,41.19902223877614,0.029066739579374265,-0.03219297541891766,0.9418338939823274,-0.3332681399863899,152.71981538228317,340.35414166360835,120.01155273338706,0.05450123319711124,-0.03565346345486624,0.9104822928257758,0.4083876107013838
2023-10-24 10:40:25.174461,1698136825.174461,152.86767215987658,329.45723424917304,41.18197735881691,0.029206457234925202,-0.03246375392084377,0.9418415381530015,-0.3332080499428842,154.48180627732418,343.48988095718494,119.91893068722814,0.0548614174111888,-0.016467375603104226,0.9010636487121989,0.42988760320558284
2023-10-24 10:40:25.274485,1698136825.274485,152.8912571997694,329.5179786777021,41.16162688820312,0.029529297371461538,-0.033059424357507756,0.942080300165609,-0.3324451881104225,150.98115998372467,341.57817695630564,119.98477075547802,0.041247544906533526,-0.03427212573353417,0.8983656911063919,0.43596232231676074
2023-10-24 10:40:25.374509,1698136825.374509,152.8620758283613,329.43867774633037,41.164630344635505,0.029407752459797407,-0.03258350744147703,0.9418533074318006,-0.33314538330562626,151.29219645856332,341.5997559592679,119.93847801511092,0.04177742482102806,-0.036940132325206265,0.8880575347111032,0.4563374720992759
2023-10-24 10:40:25.474532,1698136825.474532,152.8791053623234,329.50954908797723,41.17490766867156,0.029360369657156434,-0.03301620127132766,0.9420069726219424,-0.3326721549496581,150.46176295683549,340.7940082459013,119.94618928737043,0.03973499941593745,-0.04227882973212215,0.8890720894470959,0.454075379363463
2023-10-24 10:40:25.574555,1698136825.574555,152.793600546243,329.4698790530351,41.18379672519779,0.029454315335937467,-0.031855728610320856,0.9415830104095171,-0.33397468522471585,153.14514858632964,341.6869996446238,119.91387521873527,0.0487703666885,-0.03204247863284453,0.8903213799427662,0.45157786849328835
2023-10-24 10:40:25.674579,1698136825.674579,152.86125314025938,329.44435765782947,41.15227270392056,0.02928131903623151,-0.03257713669125355,0.9418540553650588,-0.33315502834700045,152.64171988482983,341.5198839353143,119.85840401282162,0.04882333212584575,-0.032147841285804425,0.8893493456994429,0.45347606314420263
2023-10-24 10:40:25.774602,1698136825.774602,152.8583688812365,329.3832398047314,41.396228153034606,0.03062855423066451,-0.030841360144229637,0.9418315931509694,-0.33326258762858474,150.6403311291808,340.6923821013291,119.90570490292349,0.04108664147940584,-0.044680466790915876,0.8871702892822934,0.45743242298077286
2023-10-24 10:40:25.874626,1698136825.874626,152.8671538906228,329.3822505255552,41.414750174278915,0.03062545267596263,-0.030824658110661124,0.9418212872581565,-0.3332935417438245,150.89072320748247,340.74299750360194,119.89130839417172,0.04187540595299775,-0.04078573960022056,0.8879046520899178,0.4562984797461161
2023-10-24 10:40:25.974650,1698136825.97465,152.88421521687926,329.5276653277861,41.14503604019738,0.029253351124177058,-0.03314861822954831,0.9420686470289412,-0.3324937215084484,151.59474293028777,341.0224811059005,119.99137714123802,0.04729843813217274,-0.03743574560197015,0.8975358614997416,0.4367960622800969
2023-10-24 10:40:26.074673,1698136826.074673,152.78778504591236,329.5305193690334,41.171434301880836,0.02940436332558853,-0.03312278768590595,0.9415497071935035,-0.33394971662985323,151.8444777075745,341.91281061166194,119.94868880455799,0.04443491163312555,-0.03129681430900109,0.8969124478202158,0.4388554534096768
2023-10-24 10:40:26.174697,1698136826.174697,152.8954539308192,329.51292587734105,41.15313176404678,0.02924980920503663,-0.0329609164003777,0.9420722872023022,-0.3325023794455303,151.64731300458826,341.27361053284136,119.96968189327713,0.04755610781053303,-0.03468469293373286,0.9072234756435896,0.4165104487610975
2023-10-24 10:40:26.274720,1698136826.27472,152.87550368820678,329.4976285948665,41.15385063076987,0.02944106176282919,-0.03330577277112333,0.9419974596173472,-0.33266309602488214,151.59276087798614,339.17201860900883,119.96821591224709,0.051941778587877255,-0.04539036250048272,0.9101983463790903,0.4083879734737206
2023-10-24 10:40:26.374744,1698136826.374744,152.8737730891013,329.45134325558973,41.1654341567726,0.029194481869252806,-0.032646590895161746,0.9418214993391814,-0.33324787428250213,152.15998244844593,340.9283438101311,119.92500167088228,0.05028054879725419,-0.033410548514229345,0.9130470053557869,0.4033618321946874
2023-10-24 10:40:26.474767,1698136826.474767,152.83656447906816,329.4927155201484,41.21035107620493,0.029026420705598802,-0.03243648641478931,0.9417248903263745,-0.3335559506137802,153.71259685035335,340.63067257854794,119.9658917513178,0.06010132473614056,-0.03134764977173553,0.9156350322479524,0.39625451838312303
2023-10-24 10:40:26.574791,1698136826.574791,152.83158833212138,329.4883239132148,41.185812830497596,0.029063977676645626,-0.032409884702135884,0.9417354085518553,-0.33352556851743137,153.9297599801355,341.07984446565865,119.97018260380852,0.062331530515676886,-0.02771861741124357,0.9208385720537218,0.3839307004791946
2023-10-24 10:40:26.674814,1698136826.674814,152.88771451774093,329.46210878099544,41.21508044800239,0.028843430812119857,-0.032421025667748606,0.9419162247939455,-0.33303266966404216,153.89784218671335,341.33816211039056,119.97245477153754,0.06228268174896468,-0.024385638382221145,0.931075777695985,0.35864202818780916
2023-10-24 10:40:26.774838,1698136826.774838,152.86039548269844,329.5053158932042,41.2324547084584,0.02881076096599747,-0.032511520335896854,0.9418078092839383,-0.333333153871315,151.73895682278572,342.821577847882,119.9279548149461,0.05030108068229258,-0.02032874057121263,0.93729522890644,0.34428795717858934
2023-10-24 10:40:26.874861,1698136826.874861,152.85178813062916,329.5775897080021,41.22963881649655,0.02853417832805817,-0.03213216923048727,0.941964967410268,-0.3329494324059714,150.20941720575894,342.4523879457375,119.95925959591246,0.04485940233569681,-0.024560103647949215,0.9388695332431407,0.34045327855477214
2023-10-24 10:40:26.974885,1698136826.974885,152.86095889516355,329.5754825342594,41.252836575677726,0.02850267116001323,-0.03204021316334358,0.9419629602612939,-0.3329666709641848,150.2541882322063,342.51268086098435,119.98110602983985,0.04504919079486399,-0.02480030928636464,0.9388140411211435,0.3405638137879837
2023-10-24 10:40:27.074908,1698136827.074908,152.8576726649319,329.58812856147676,41.25865108087871,0.028658821959354226,-0.032091486636395446,0.9419719304881057,-0.3329229499176643,150.2429419077063,342.50245701876685,119.97647364326279,0.04498846560881279,-0.024926025219694205,0.9388307876480597,0.34051649503810505
2023-10-24 10:40:27.174932,1698136827.174932,152.84407030109142,329.5780651794498,41.24079390647076,0.028526342330387266,-0.03199729630713955,0.9419730558749382,-0.33294020908852895,150.23400370879077,342.51530929158764,119.96603300712742,0.04487769688959403,-0.024798909491338738,0.9387905753729684,0.3406512322021118
2023-10-24 10:40:27.274955,1698136827.274955,152.86295030621244,329.5796351893697,41.24386143075482,0.028522917868969724,-0.031984931953038497,0.9419710515983092,-0.3329473610572327,150.24677904648055,342.51857135826884,119.96916223938398,0.04485662107198684,-0.024510173812778802,0.9388063331459713,0.34063147795041954
2023-10-24 10:40:27.374979,1698136827.374979,152.85332199546144,329.58086601876994,41.25516322535841,0.028528440144902075,-0.03213563490397951,0.9419594938904174,-0.3329650746578771,150.23863195191004,342.52817562607123,119.98780163760019,0.04498214240465837,-0.02470780313457305,0.9388002904895383,0.34061730124247774
2023-10-24 10:40:27.475002,1698136827.475002,152.85214556354626,329.5790944677474,41.23762751580269,0.02850513093949096,-0.03212272613769803,0.941968306168758,-0.3329433858017998,150.22553458453308,342.55317929279084,119.95263618232077,0.04393373667404775,-0.02495934173398849,0.9385980267789367,0.3412925463129073
2023-10-24 10:40:27.575026,1698136827.575026,152.8605381789416,329.5776201295117,41.262095552837096,0.02839531508577319,-0.03190976646446943,0.9419671014179749,-0.3329766549348186,150.23890348007035,342.5318328151678,119.99293402860754,0.04511056581604557,-0.024608946853456846,0.9387556323825327,0.3407305376049983
2023-10-24 10:40:27.675049,1698136827.675049,152.85502601038053,329.58215086178456,41.249960519533055,0.02847940340753935,-0.03199158136053188,0.9419755458374852,-0.3329377319376328,150.2552610736088,342.53500106918955,119.96857476443577,0.04460056849301481,-0.024891753498714576,0.9386702069128346,0.3410123642217029
2023-10-24 10:40:27.775073,1698136827.775073,152.84970107125292,329.5814036489414,41.23829177874744,0.028514636776938967,-0.03202825859732179,0.941967691216505,-0.33295341242424503,150.2299067416235,342.5247900091463,119.968321009259,0.04496607040871173,-0.02466934281757256,0.9388637703356575,0.34044720117525096
2023-10-24 10:40:27.875097,1698136827.875097,152.85853600057692,329.58269403652497,41.26153948423684,0.02843834389112158,-0.0320012262149478,0.9419669776111799,-0.3329645554823052,150.2557031413317,342.5496234661604,119.99003139453788,0.044770055558511365,-0.024787042011029284,0.9386817292864321,0.3409660625010426
2023-10-24 10:40:27.975120,1698136827.97512,152.85215723491885,329.57880974330584,41.245468247331765,0.028444931255075787,-0.031961410947847414,0.941959408034479,-0.3329892306238308,150.2325080111173,342.5271921691159,119.98193927525638,0.04514878749234581,-0.024881358267307273,0.9388148002098818,0.3405426198078953
2023-10-24 10:40:28.075144,1698136828.075144,152.84761501490516,329.5817152101603,41.257688828460246,0.028475277652340144,-0.03197586652133755,0.9419665864592872,-0.33296494187387066,150.23713812938342,342.53717982197253,119.98526899440523,0.044972761674298124,-0.024677534568557674,0.9387778480226765,0.34068258255584055
2023-10-24 10:40:28.175167,1698136828.175167,152.86265308420386,329.5862172110678,41.24803807798588,0.02846706893050269,-0.03216784374979735,0.9419675716132786,-0.3329443644874883,150.33783059843424,342.6004056205323,119.9507934166545,0.04334058070398426,-0.024927819599958923,0.9385252078223137,0.34157083036511826
2023-10-24 10:40:28.275191,1698136828.275191,152.85175876973457,329.5848096874257,41.25254054216717,0.028504700390646034,-0.03204041458431971,0.9419638647493019,-0.332963919059503,150.3006791914132,342.5309266807958,119.97640719982417,0.04517429488802078,-0.024799955279961868,0.9387172717019431,0.3408139215289516
2023-10-24 10:40:28.375214,1698136828.375214,152.85379174251165,329.5836094846581,41.23096186353871,0.028494660192362888,-0.03215021157719938,0.9419660307914443,-0.3329480666276275,150.32511538889358,342.55081494795803,119.95751632876343,0.04429596297547621,-0.024886234532555392,0.938670089225777,0.34105279149676787
2023-10-24 10:40:28.475238,1698136828.475238,152.85365103494877,329.58351888649014,41.265270344490965,0.028550717565659346,-0.032020970178370134,0.941970813234288,-0.33294218869055325,150.3158858288732,342.55473422247087,119.97896913430179,0.04524763436069077,-0.02432845882781941,0.9387029704798929,0.34087755996552416
2023-10-24 10:40:28.575261,1698136828.575261,152.84658469658527,329.58851821063007,41.23832598680872,0.028579527867908842,-0.03222375525910771,0.9419634294381187,-0.33294104250606726,150.32032716679606,342.6648841833372,119.88321146345578,0.042986226345285594,-0.02342566307294292,0.9384864327555809,0.34182837534044713
2023-10-24 10:40:28.675285,1698136828.675285,152.8420539154713,329.5917081323975,41.24834899952929,0.028552799773761676,-0.03229339456531475,0.9419791245556601,-0.33289217953247363,150.34856675333538,342.6643761429079,119.93262135260328,0.04629964006112968,-0.0232118458046307,0.93863582158071,0.3409990439723512
2023-10-24 10:40:28.775308,1698136828.775308,152.84984182303415,329.5924921881211,41.263998706520574,0.028534408373605297,-0.032182074372378265,0.9419763246451154,-0.33291245911791795,150.3887165779927,342.6946582510468,119.90272645437372,0.04523752852528734,-0.021493366537364403,0.9383545969394372,0.34202668260011637
2023-10-24 10:40:28.875332,1698136828.875332,152.84352039123246,329.5923235630933,41.2432570991257,0.028572772529667053,-0.032204388161262476,0.9419820849935491,-0.3328907112016387,150.3141808213948,342.67673890303314,119.95255945520773,0.04467802752309523,-0.02450389940996477,0.9387766544026043,0.3407371801242202
2023-10-24 10:40:28.975355,1698136828.975355,152.8495017270963,329.59321440581004,41.26236183974212,0.02858453034918795,-0.03218423112458503,0.9419640695184001,-0.3329426251292712,150.34493944579052,342.6865426810497,119.9393831704401,0.046128761332791854,-0.023177079063804732,0.9387186478552529,0.3407965090090832
2023-10-24 10:40:29.075379,1698136829.075379,152.8535404453319,329.58699052089884,41.25054014036148,0.028517900235370326,-0.03205738165739257,0.9419819661904842,-0.3329099413044722,150.3418484024115,342.7176004619998,119.90738705448142,0.0450788767850567,-0.02331614167420359,0.9383650439121773,0.34189954192558347
2023-10-24 10:40:29.175402,1698136829.175402,152.8445480981763,329.59679029967924,41.25801247170751,0.028543700242121384,-0.03224188325609308,0.9419703032110642,-0.33292291301297394,150.3421503017292,342.6976840296517,119.93955252325689,0.04615327786850701,-0.023254131299833218,0.938675057405169,0.34090798894259644
2023-10-24 10:40:29.275426,1698136829.275426,152.85307509672253,329.59219956977813,41.26054860440421,0.028526388148837123,-0.032072221882814514,0.9419764135715966,-0.33292349577263874,150.40161954029648,342.8190512639534,119.9002516066425,0.04568981866831294,-0.02118889504397564,0.9382900951271108,0.3421624885682671
2023-10-24 10:40:29.375449,1698136829.375449,152.843904111595,329.5921868034232,41.257772251159714,0.02854154262315006,-0.032156937239514245,0.9419774596960269,-0.33291106493579514,150.35989457661506,342.8012477779254,119.92508295519362,0.04587627375351516,-0.022652090834749623,0.9385276311194936,0.3413914701812843
2023-10-24 10:40:29.475473,1698136829.475473,152.8501635863265,329.5876853230664,41.24280396692206,0.02845754637300951,-0.03203107059204907,0.9419662723612463,-0.3329620403364529,150.36656901426537,342.80554133234466,119.90909567177735,0.04592529480165803,-0.022821624982356032,0.9384767592644141,0.34151341562390874
2023-10-24 10:40:29.575496,1698136829.575496,152.84357598449307,329.59669675917087,41.24295545322389,0.028571808559062564,-0.03230735299340899,0.9419711272958724,-0.3329118232192529,150.36565515532604,342.8093698092697,119.91562140070766,0.04603801371160628,-0.022600626738116865,0.9384740956993948,0.3415202551324555
2023-10-24 10:40:29.675520,1698136829.67552,152.83930438783946,329.5917077529079,41.25329506227273,0.028521385655624735,-0.032159240079176574,0.9419823163605862,-0.3328988277266199,150.38454018371309,342.80660937030524,119.88856298598103,0.04561752455952362,-0.02099564349505806,0.938328455176268,0.3420788426866069
2023-10-24 10:40:29.775544,1698136829.775544,152.8283023174818,329.5196777616781,41.24946657236399,0.028573608676354577,-0.03196319983435114,0.9417656723172954,-0.3335255930034644,150.35332697425594,342.77655583598363,119.90587364475729,0.04406632233488861,-0.022255070693187173,0.9384890321114125,0.34176191664798317
2023-10-24 10:40:29.875567,1698136829.875567,152.84225023041395,329.59736687064765,41.25611014248043,0.028531537595851773,-0.03225497097259959,0.9419784479696414,-0.3328996421906742,150.36168676559535,342.8022328437605,119.9232648314051,0.04564700413373505,-0.022628377247601035,0.9385012037465592,0.34149641011731635
2023-10-24 10:40:29.975591,1698136829.975591,152.8503282835201,329.59626445032524,41.2458409726664,0.02853426599212357,-0.03230951541255833,0.9419724008863407,-0.3329112296792038,150.38701044395876,342.8008728845365,119.89174398140814,0.04533959499813115,-0.02071214305383671,0.9383940594586085,0.34195309243859223
2023-10-24 10:40:30.075614,1698136830.075614,152.8439687827574,329.600057972748,41.24971906296929,0.028540575737099776,-0.032216866265078,0.9419777419463649,-0.33290455500380406,150.36078769698128,342.8050770647171,119.91983044535677,0.04594394811347895,-0.022552472288081746,0.938505003474673,0.3414511649979323
2023-10-24 10:40:30.175637,1698136830.175637,152.84915598536102,329.5912384920526,41.247571245557445,0.02852985998387622,-0.032194406153305245,0.9419683098844822,-0.3329343335781225,150.37676523500826,342.7971687121163,119.88723450981672,0.04560462875810921,-0.021034627640073047,0.9383961059609958,0.3418925424649071
2023-10-24 10:40:30.275661,1698136830.275661,152.84210939015824,329.5960121769726,41.25562799850609,0.028595801787121077,-0.032197100034082556,0.9419827878042825,-0.33288744997373976,150.35638999872256,342.78780659294745,119.91980679252717,0.04585454069590075,-0.022807688429635903,0.9385472492347255,0.3413300915536086
2023-10-24 10:40:30.375685,1698136830.375685,152.848678205259,329.5901924030654,41.25835264968473,0.02846082049993547,-0.03207061393365886,0.9419824683803582,-0.3329121305726727,150.35626687005032,342.79055337400683,119.92496150296893,0.045846614617239566,-0.02267699055937144,0.9385257677369084,0.3413989240187427
2023-10-24 10:40:30.475708,1698136830.475708,152.83842629584464,329.5911652164375,41.253252980583056,0.028548573373493934,-0.03216834421644564,0.9419746193341991,-0.3329173968402693,150.34811733957957,342.7836733628868,119.91422282776529,0.045907704917304865,-0.022585866954744425,0.9385942878428453,0.3412083294292659
2023-10-24 10:40:30.575732,1698136830.575732,152.84883557021553,329.588430891435,41.249623921662284,0.02846455135750649,-0.031997549289536,0.9419815641047794,-0.33292140069721127,150.37179260928664,342.78716298422694,119.88892610686902,0.045607607974525365,-0.02084744049002718,0.9383599550688,0.34200281437897034
2023-10-24 10:40:30.675755,1698136830.675755,152.85694161411305,329.57803115424764,41.24236523264159,0.02837514985868844,-0.03164412302783679,0.9419385667015379,-0.3330844290995133,149.8773117920346,342.6393926840352,119.92648496791593,0.04403852220311678,-0.024880142304689157,0.9389089582049965,0.34042848776721396
2023-10-24 10:40:30.775779,1698136830.775779,152.83478112198102,329.58346805312954,41.25119864629508,0.028384601706646088,-0.03166991439178922,0.9419538972686378,-0.3330378151633783,149.86289651236194,342.6884271972719,119.93495112411834,0.04358830455529873,-0.025014909392090376,0.9392340170945641,0.3395788202266275
2023-10-24 10:40:30.875802,1698136830.875802,152.8160354154104,329.51754001433704,41.281060348174826,0.028590705492817527,-0.03157084367094036,0.9417526793281336,-0.3335981780040319,149.84439735981312,342.6601941992668,119.96017024583924,0.04357567460254892,-0.025378469622165483,0.9391739717532592,0.3397195087771349
2023-10-24 10:40:30.975826,1698136830.975826,152.8211217733489,329.5203591718469,41.28279869052851,0.028548409983777733,-0.0316091598601602,0.9417346181419087,-0.33364915449232946,149.8564088351939,342.6825001936988,119.96130666697582,0.043618145195637,-0.025118085604816515,0.9392135687747799,0.33962392644597833
2023-10-24 10:40:31.075850,1698136831.07585,152.83921178932897,329.5832482408908,41.25368962850908,0.02842216239219667,-0.03164093034136009,0.9419598904516965,-0.33302041527857235,149.84998912302893,342.6726489796783,119.93685619073237,0.04356139937338131,-0.025150988065459692,0.939171269116177,0.33974572778870005
2023-10-24 10:40:31.175873,1698136831.175873,152.84332354307256,329.5841763416502,41.25928537477004,0.028420890767337007,-0.03169765736114003,0.9419354351563302,-0.333084294860418,149.85567881107372,342.67448108780405,119.94642506394123,0.043302030047955846,-0.025341991410105694,0.9392649271779823,0.3395056910251075
2023-10-24 10:40:31.275896,1698136831.275896,152.82971336211773,329.58390114927,41.2630895422592,0.02849945803417337,-0.03168104890874558,0.9419684377883153,-0.3329858168787989,149.85096674501685,342.6695104289153,119.93315478307609,0.043162064544164776,-0.025214954002829162,0.939294433841765,0.3394513349992879
2023-10-24 10:40:31.375920,1698136831.37592,152.8130874904319,329.51549093561835,41.26233171794203,0.0285986641230642,-0.03163675308315875,0.9417349415270785,-0.33364132263813107,149.84694234349078,342.67310426405425,119.93484663178164,0.04334207538677242,-0.025155089368239375,0.9392008120398704,0.33969180243816793
2023-10-24 10:40:31.475943,1698136831.475943,152.84578276017066,329.5812686138228,41.275777850036455,0.028338792200837896,-0.03158678050576196,0.9419556455192564,-0.33304466671646277,149.85839153305443,342.672414722148,119.95961531490785,0.04357816605513856,-0.025273257686623144,0.9392515415383873,0.3395125146543781
2023-10-24 10:40:31.575967,1698136831.575967,152.81591761689245,329.52007241697885,41.25779238952375,0.028591303827843813,-0.03162788530533315,0.9417304535673995,-0.33365546157717335,149.85254832117036,342.68088218999014,119.93558822217915,0.043232522384065615,-0.025147688613683657,0.9392485135983919,0.33957439901870096
2023-10-24 10:40:31.675991,1698136831.675991,152.8359129210445,329.57900126098957,41.25260460242118,0.02848048807274528,-0.03160153602996754,0.9419516755469363,-0.3330424081915159,149.84862484114132,342.67801153177345,119.92897240677033,0.04362980512517154,-0.02490506400690953,0.9392398727156678,0.339565368364631
2023-10-24 10:40:31.776014,1698136831.776014,152.82038042888894,329.5204775729862,41.27067425369192,0.02856865839911382,-0.03161544687079821,0.9417458118593454,-0.33361522915151387,149.86276276087133,342.66784322252425,119.94557248259311,0.043356334140844784,-0.02532804062697797,0.9392467594884683,0.33955006028312984
2023-10-24 10:40:31.876038,1698136831.876038,152.81589397495227,329.51807821847154,41.26211844352023,0.028538310205902216,-0.031623573985181064,0.9417420609091247,-0.33362764443857185,149.85727368880924,342.67870919557697,119.940959632611,0.043357564525500956,-0.02531458988571794,0.9392671377343046,0.33949453178179734
2023-10-24 10:40:31.976061,1698136831.976061,152.8119687426267,329.52012824403494,41.289489423035505,0.028659871874646383,-0.03153067546657772,0.941757141407065,-0.3335834451191241,149.8605269261663,342.68228748322986,119.9541698280212,0.04335324923002135,-0.025117315205607373,0.9393005672885174,0.3394172366712262
2023-10-24 10:40:32.076085,1698136832.076085,152.81869510324768,329.520665824508,41.275382049150636,0.028553699070593824,-0.03158173552050587,0.9417509255674019,-0.3336052674102143,149.8643241866144,342.68257653423376,119.95154453897281,0.04323234411678607,-0.025143866395829276,0.9392738726107329,0.33950455466116103
2023-10-24 10:40:32.176108,1698136832.176108,152.83455411039586,329.5807403266747,41.26393860730438,0.0283681730363253,-0.03154067994395623,0.9419630906450029,-0.33302547669775645,149.85692620375048,342.68549015470654,119.94165246355966,0.04352073749814795,-0.024967916992389996,0.9392721153974354,0.33948555457560387
2023-10-24 10:40:32.276132,1698136832.276132,152.83775746556955,329.5860065805477,41.245812807985935,0.028463083907121635,-0.0317437178324119,0.9419421952954862,-0.3330571872135363,149.85845885893977,342.6775646315051,119.93208847601018,0.04329039967089843,-0.025071364366766904,0.9392749189764186,0.33949962380975496
2023-10-24 10:40:32.376155,1698136832.376155,152.83532980559318,329.58718592074047,41.26701751295064,0.02840156742588845,-0.03180781182145178,0.9419499007498172,-0.3330345305704703,149.91082699229972,342.6878999070685,119.96015391188456,0.04365496502389169,-0.024700759198891965,0.9391401257917175,0.3398528220445996
2023-10-24 10:40:32.476179,1698136832.476179,152.83576005415705,329.5820696729557,41.2607436539773,0.028442307400641215,-0.03173167660376106,0.9419583723087145,-0.3330143550767128,149.9343950809497,342.70516732205556,119.94752215968074,0.043548009688843696,-0.024864778381541205,0.9391537206194766,0.33981701354518945
2023-10-24 10:40:32.576202,1698136832.576202,152.8390660570415,329.5791313073011,41.26745243451929,0.0283589718657427,-0.03168213825904064,0.9419625513107055,-0.3330143581863698,149.92394392918087,342.6965731967586,119.9584313312489,0.04367036645450423,-0.02469876188781028,0.9391425491449691,0.33984429175789904
2023-10-24 10:40:32.676225,1698136832.676225,152.83596599191725,329.5862269700469,41.27230464802057,0.02846786475315982,-0.03166020937668996,0.9419605942463978,-0.33301268850539817,149.9348689036175,342.7023761817395,119.94765641660271,0.04359460325660337,-0.024958641799097434,0.9390862582720848,0.3399905532378497
2023-10-24 10:40:32.776249,1698136832.776249,152.84347378463147,329.5743856441454,41.24685554147891,0.02836928429075463,-0.03172410775343851,0.9419626868609885,-0.3330091008631836,150.04648415282088,342.72840271958665,119.94067597855971,0.04370829920687984,-0.02387966193703716,0.9389663104164081,0.34038450938491943
2023-10-24 10:40:32.876273,1698136832.876273,152.8420136533442,329.58827481023127,41.25693907520533,0.028486867473274797,-0.03198963876758161,0.9419547946338569,-0.3329959853502265,150.12250892156942,342.7537699886181,119.93482509777806,0.043435885700626634,-0.02426424633234119,0.9387881483184314,0.34088323918928093
2023-10-24 10:40:32.976296,1698136832.976296,152.84117213032144,329.58229665609224,41.26352684089139,0.028434941898905088,-0.031876969077827534,0.9419623715941228,-0.33298979477214163,150.09686296133376,342.73994564000066,119.95310214229079,0.04414305588144803,-0.024365131907251376,0.9388928496287218,0.340496619484905
2023-10-24 10:40:33.076320,1698136833.07632,152.83814909500867,329.58538827937247,41.27397901233147,0.028517808511504077,-0.03183017546408344,0.9419755470079842,-0.3329499111978192,150.1008215453834,342.73699986990346,119.95337413289244,0.044398878961217886,-0.02434925277473593,0.9389078072644671,0.34042324082548997
2023-10-24 10:40:33.176343,1698136833.176343,152.84394457631754,329.5860279841693,41.264021239457826,0.028466735866738358,-0.03197400449436111,0.94196142580889,-0.3329804502876574,150.11538086909832,342.7465671087215,119.94813848521198,0.043459371261147295,-0.02438332803011216,0.9387923355819132,0.340860216241817
2023-10-24 10:40:33.276367,1698136833.276367,152.84447715345192,329.5897921923048,41.259166608343456,0.028398451306147363,-0.03186571110111678,0.9419685642967526,-0.3329764680816762,150.10165912816174,342.7440977570762,119.95828138290945,0.044178543695797746,-0.02409718838294961,0.9388646435105097,0.34058884737295586
2023-10-24 10:40:33.376391,1698136833.376391,152.83297374395158,329.59968070236937,41.26207357944303,0.028614860463748674,-0.03207074648396026,0.9419808465429027,-0.33290350212474185,150.25780934187273,342.7887884101365,119.91277499324102,0.04570903857902154,-0.02238974086005525,0.9390028986390289,0.34012194819491254
2023-10-24 10:40:33.476414,1698136833.476414,152.83271563842052,329.59581311743824,41.27962997104986,0.028541367431813774,-0.03204453919426277,0.9419819167410408,-0.33290930654733064,150.3215995071841,342.7824211171208,119.93735884481625,0.04641751990593582,-0.02232680536560162,0.9389695545924633,0.34012218856813764
2023-10-24 10:40:33.576438,1698136833.576438,152.84181421327497,329.59572581842104,41.26724718375161,0.0285180450405345,-0.032057023163800595,0.9419697440995547,-0.3329445442922308,150.31100238624265,342.77902403352914,119.92918896540017,0.046249143862689045,-0.02240695745059999,0.9389711145473292,0.3401355479739246
2023-10-24 10:40:33.676461,1698136833.676461,152.84574724870592,329.6004303944245,41.26299162468796,0.02855159337059613,-0.03212113419556935,0.941974233832914,-0.33292278691745475,150.33841091749954,342.8005444627731,119.92329725459994,0.04606862044359317,-0.022475863485586497,0.9390121397679936,0.34004223140565304
2023-10-24 10:40:33.776485,1698136833.776485,152.83603770987708,329.6044204969595,41.26382333610575,0.028530277380460774,-0.03212734011253524,0.9419984183898358,-0.33285557985549147,150.31641952033726,342.77948830705014,119.92857607742135,0.046227990409957925,-0.022451226933087844,0.9389332788495289,0.3402399347236133
2023-10-24 10:40:33.876508,1698136833.876508,152.8342239760444,329.6025591067103,41.26958614929123,0.02851270748846793,-0.032067208148764244,0.9419774051103704,-0.3329223452019315,150.3241710267777,342.79588973239896,119.93215145430682,0.04619002357076813,-0.022574494149044805,0.9390108767261406,0.34002271589770483
2023-10-24 10:40:33.976532,1698136833.976532,152.8394528126769,329.5947268072282,41.253907143507,0.02850905459198262,-0.03206429131696315,0.9419808368735942,-0.33291322892239555,150.32280804059732,342.78345003538186,119.9158066793625,0.04613695221430076,-0.022142871596067027,0.9389927847919656,0.34010825480497375
2023-10-24 10:40:34.076555,1698136834.076555,152.84202766757318,329.5984516228147,41.27389026231396,0.0284885431891386,-0.03203991903482126,0.9419816555283332,-0.3329150148961493,150.32605271282975,342.8000754180768,119.93782134368927,0.046328091216910554,-0.022298299903842772,0.9389445466575812,0.3402052793352645
2023-10-24 10:40:34.176579,1698136834.176579,152.83478156980263,329.59613069493656,41.26608059285718,0.028509290191134316,-0.032097939819137576,0.9419871519922052,-0.33289209680282145,150.33382012978092,342.79111541382724,119.9140890110159,0.04551029461257402,-0.022397125192361117,0.9389187411503044,0.3403803451789223
2023-10-24 10:40:34.276603,1698136834.276603,152.84667695303162,329.5919754038039,41.26871911737372,0.028436844208738363,-0.03200263976930743,0.9419802947490934,-0.33292687071435856,150.32117217047306,342.7842138501942,119.93365952847151,0.04616032283877298,-0.022437689185590633,0.9390572615451596,0.33990768487743395
